address_id,user_id,address,latitude,longitude
1,825,462 Rose Lane,34.15,-117.76
2,1746,3606 Federal Boulevard,40.76,-73.74
3,1718,766 Third Drive,34.02,-117.89
4,708,3 Madison Street,40.71,-73.99
5,1164,9620 Valley Stream Drive,37.76,-122.44
6,68,58 Birch Lane,41.55,-90.6
7,1075,5695 Fifth Street,38.22,-85.74
8,1711,1941 Ninth Street,45.51,-122.64
9,1116,11 Spruce Avenue,40.32,-75.32
10,1752,887 Grant Street,29.97,-92.12
11,192,888 Fifth Lane,38.65,-121.25
12,640,8677 Littlewood Lane,40.42,-104.74
13,1679,829 Fourth Boulevard,41.76,-71.48
14,1094,74786 Jefferson Drive,44.75,-85.6
15,1590,781 East Street,29.45,-98.5
16,1660,40 Washington Drive,36.73,-102.51
17,1747,3994 Hillside Drive,32.15,-94.79
18,153,172 Birch Street,35.29,-111.32
19,429,8145 Spruce Boulevard,35.19,-80.83
20,511,153 Tenth Lane,32.21,-110.88
21,309,2473 Lake Avenue,32.07,-82.91
22,777,970 Essex Drive,37.37,-122.21
23,1946,9186 Washington Avenue,41.47,-81.67
24,1674,5073 Wessex Avenue,35.49,-90.35
25,482,195 Eighth Boulevard,42.39,-122.93
26,877,801 Mill Boulevard,33.44,-111.85
27,128,6914 Wessex Avenue,29.76,-95.38
28,775,776 Norfolk Boulevard,34.17,-118.46
29,1536,2015 Bayview Avenue,36.15,-85.5
30,140,108 Washington Street,36.28,-86.83
31,1884,660 Seventh Drive,39.98,-82.98
32,1874,7505 Tenth Boulevard,25.77,-80.2
33,1310,4930 Birch Drive,33.92,-78.02
34,1689,93 Plum Lane,41.29,-72.36
35,379,837 Lincoln Avenue,30.68,-88.04
36,34,7467 Spruce Drive,38.48,-121.34
37,822,6323 Sussex Boulevard,32.61,-117.03
38,1499,8738 Fourth Street,41.97,-88.14
39,1780,9344 Mill Drive,36.62,-121.82
40,1806,299 11th Street,42.31,-71.64
41,811,5492 Maple Drive,38.9,-94.68
42,1844,829 Birch Boulevard,27.8,-97.39
43,1852,41011 Seventh Boulevard,33.27,-111.94
44,1231,613 Little Creek Lane,26.41,-81.42
45,970,1942 Rose Avenue,29.1,-81.0
46,381,5101 Birch Lane,38.72,-90.47
47,1134,7 11th Drive,29.45,-98.5
48,1296,2468 Spruce Drive,28.7,-81.34
49,1880,8001 Essex Boulevard,43.06,-87.96
50,322,708 George Street,31.22,-84.21
51,461,28 Hillside Boulevard,42.3,-83.48
52,1165,446 Birch Drive,36.37,-84.12
53,1448,578 Maple Avenue,35.05,-82.09
54,1288,14 Valley Drive,38.47,-81.81
55,1178,2475 Little Creek Boulevard,30.56,-97.86
56,1391,9604 Catherine Drive,40.72,-73.86
57,838,349 First Drive,33.78,-84.44
58,54,7914 Essex Boulevard,41.66,-83.58
59,1452,524 Ocean Drive,29.76,-95.38
60,1602,2079 Maple Drive,40.38,-77.88
61,1938,295 Valley Drive,29.45,-98.5
62,1492,2883 Ocean View Boulevard,47.32,-121.99
63,688,5125 Elm Drive,41.31,-111.96
64,749,4098 Park Drive,32.75,-97.33
65,643,892 Spruce Street,40.69,-73.75
66,1219,9977 Oak Avenue,38.68,-76.17
67,1198,79 South Boulevard,29.5,-97.44
68,898,145 River Drive,40.59,-75.47
69,882,7605 Essex Boulevard,40.39,-82.47
70,348,480 Seventh Lane,40.22,-74.76
71,633,5506 Fifth Boulevard,33.88,-118.27
72,1493,136 Spruce Street,38.22,-122.55
73,1161,306 First Drive,28.68,-81.51
74,217,272 Burns Boulevard,41.77,-87.82
75,1877,190 Sixth Drive,32.92,-96.45
76,668,8569 Wessex Boulevard,33.52,-86.79
77,533,385 Lexington Boulevard,32.71,-102.65
78,203,407 Park Lane,32.9,-80.93
79,1738,5142 Little Creek Street,35.67,-97.41
80,713,224 Mountain View Boulevard,48.19,-114.38
81,1631,4735 Fifth Avenue,30.44,-91.12
82,1487,4793 North Street,40.69,-80.01
83,1265,72 El Camino Boulevard,40.43,-79.97
84,370,381 Fifth Lane,34.07,-117.62
85,1014,393 Mountain View Lane,33.6,-117.82
86,290,293 Wessex Street,42.4,-83.6
87,985,7276 Fourth Drive,42.8,-83.71
88,135,327 Lafayette Boulevard,39.72,-82.59
89,307,2846 Lake Avenue,30.23,-92.81
90,1783,2093 Ocean Street,37.78,-122.24
91,1321,981 Fifth Boulevard,40.26,-103.79
92,1511,18 Norfolk Boulevard,43.07,-89.38
93,900,977 Littlewood Avenue,30.17,-85.67
94,953,993 Mountain View Avenue,33.78,-117.33
95,233,896 Rose Street,44.96,-93.26
96,406,2418 Mill Drive,37.3,-122.0
97,1069,3683 Fifth Street,35.3,-81.03
98,180,0 Elm Street,33.53,-112.18
99,996,2302 Catherine Lane,26.02,-80.16
100,1866,213 Rose Drive,32.85,-96.96
101,1981,8975 Littlewood Boulevard,26.63,-81.99
102,870,1389 Park Lane,38.64,-76.9
103,16,2890 Eighth Lane,41.88,-87.84
104,46,20 Littlewood Boulevard,40.66,-73.84
105,800,6413 Second Street,30.44,-87.18
106,1968,611 Elm Lane,40.94,-73.86
107,697,889 Martin Luther King Avenue,35.72,-78.84
108,1269,336 Rose Avenue,41.83,-87.68
109,1782,4254 Plum Lane,33.74,-117.99
110,1977,825 Sussex Avenue,41.5,-87.5
111,1734,185 Forest Drive,33.95,-84.54
112,1913,561 Martin Luther King Avenue,42.47,-83.49
113,858,335 Valley Stream Boulevard,29.5,-97.44
114,606,1773 Hill Street,39.4,-88.8
115,1564,55 Ocean View Street,35.2,-101.81
116,1109,8245 El Camino Lane,37.68,-97.34
117,1301,9530 Washington Street,38.1,-122.63
118,1399,221 Lexington Avenue,32.08,-81.1
119,1775,2484 Norfolk Drive,38.91,-75.43
120,1673,133 Grant Lane,43.46,-85.95
121,1957,1977 Lake Avenue,34.15,-118.6
122,1033,352 George Street,43.07,-82.49
123,1024,554 Grant Boulevard,37.69,-97.13
124,1441,631 Ocean View Street,43.07,-89.38
125,1103,31 Jefferson Boulevard,47.09,-116.46
126,431,973 Federal Avenue,30.62,-87.89
127,165,95266 Bayview Drive,37.83,-122.22
128,353,932 Essex Street,33.83,-117.2
129,1758,126 Valley Drive,32.32,-90.2
130,1266,239 South Drive,39.51,-76.17
131,1943,1134 Valley Drive,41.71,-72.83
132,792,5863 Grant Avenue,38.71,-95.08
133,1055,3472 11th Avenue,28.5,-81.37
134,1159,5590 Bayview Avenue,43.05,-82.67
135,1115,94 Jefferson Drive,32.32,-95.3
136,38,582 Birch Boulevard,26.63,-81.85
137,1027,809 Mountain View Boulevard,38.88,-94.81
138,11,6339 Fourth Street,39.45,-76.81
139,871,81 Hill Avenue,42.38,-83.1
140,746,28136 Wessex Street,40.64,-73.94
141,1520,8787 Rose Avenue,37.72,-122.44
142,1372,96 Ninth Lane,34.95,-96.75
143,1799,3249 12th Drive,47.75,-122.04
144,1905,9340 Valley Street,27.48,-82.57
145,130,6429 Fifth Avenue,35.19,-80.83
146,1990,849 George Avenue,38.77,-76.06
147,593,804 Seventh Boulevard,40.52,-122.32
148,540,76009 Valley Stream Boulevard,42.37,-87.86
149,1155,387 Third Boulevard,31.5,-111.06
150,663,6398 Lake Lane,35.92,-86.84
151,1987,786 12th Drive,42.13,-87.92
152,1484,290 Forest Street,32.28,-110.73
153,417,320 Hillside Lane,35.1,-90.0
154,298,437 Ocean View Drive,40.79,-77.85
155,306,9850 Birch Drive,42.28,-71.16
156,607,55 Third Drive,41.92,-87.81
157,1769,177 Mill Boulevard,39.69,-74.25
158,698,886 Little Creek Drive,42.62,-73.83
159,896,327 Seventh Boulevard,38.04,-84.45
160,1975,8224 Fourth Drive,41.55,-73.03
161,645,174 Catherine Boulevard,33.91,-118.23
162,227,496 Hill Lane,44.96,-93.26
163,84,23068 Park Street,36.49,-81.5
164,1684,27019 Madison Lane,36.34,-83.28
165,745,293 First Boulevard,34.06,-117.17
166,1508,8929 Essex Drive,39.16,-86.52
167,1158,1569 George Boulevard,35.78,-78.11
168,1427,326 Elm Lane,35.19,-80.83
169,352,32 Valley Drive,34.21,-119.18
170,1948,4132 Norfolk Boulevard,38.95,-76.95
171,724,819 El Camino Boulevard,35.97,-96.76
172,543,742 Lake Street,43.37,-124.14
173,1559,607 George Boulevard,34.05,-84.67
174,1199,704 Eighth Avenue,42.93,-75.38
175,1745,8643 Lafayette Boulevard,33.94,-83.99
176,1950,63 Plum Street,36.69,-84.47
177,1397,5381 12th Boulevard,36.88,-94.87
178,873,65 Fifth Boulevard,28.24,-81.28
179,1728,2614 Eighth Lane,44.35,-89.07
180,299,196 Plum Lane,40.84,-73.87
181,1742,444 Maple Avenue,40.05,-86.03
182,1004,868 Maple Drive,37.2,-87.17
183,301,6009 River Avenue,34.24,-84.49
184,1011,2058 Spruce Street,27.75,-82.64
185,906,6930 East Lane,40.57,-112.33
186,110,31204 El Camino Lane,30.26,-97.74
187,1073,967 First Avenue,41.19,-85.7
188,705,136 Hillside Avenue,37.91,-122.01
189,820,669 South Street,41.7,-70.3
190,1188,66992 Second Street,36.3,-115.24
191,1128,208 Park Avenue,44.53,-72.0
192,1479,335 Main Street,33.72,-84.42
193,1594,532 12th Drive,27.98,-80.66
194,1485,1350 Lake Drive,33.41,-96.57
195,1390,691 First Lane,36.17,-86.78
196,644,511 Grant Avenue,34.42,-84.11
197,1912,3510 Mountain View Street,44.96,-93.26
198,1584,9264 Lake Avenue,32.69,-97.01
199,1803,596 Mountain View Lane,41.66,-70.34
200,1824,374 East Lane,40.44,-86.91
201,340,51 George Avenue,47.3,-122.37
202,650,3916 Tenth Boulevard,32.75,-97.33
203,762,813 Fifth Boulevard,40.63,-82.96
204,1061,8931 Norfolk Drive,33.44,-111.8
205,1931,8996 Third Street,42.41,-71.16
206,702,33 Tenth Street,40.84,-73.4
207,918,5528 Lake Lane,40.32,-80.21
208,1137,8824 Hillside Avenue,35.32,-82.46
209,66,69 Norfolk Avenue,41.23,-80.81
210,1406,57 Pine Boulevard,36.12,-95.91
211,437,9528 Hill Street,39.04,-76.49
212,806,8251 Park Lane,40.11,-83.13
213,891,177 Maple Boulevard,35.44,-94.35
214,1191,299 Oak Boulevard,45.19,-123.24
215,701,7087 Plum Street,27.75,-82.64
216,1147,614 Spruce Avenue,40.6,-74.76
217,1625,625 Washington Lane,47.67,-122.18
218,1664,311 Fifth Drive,42.27,-83.73
219,1273,966 Sussex Boulevard,41.88,-87.97
220,1009,9059 Eighth Avenue,36.01,-82.15
221,1341,4713 First Boulevard,41.15,-85.48
222,925,4165 Valley Avenue,38.76,-89.97
223,824,38 Catherine Boulevard,27.75,-82.64
224,563,3485 Federal Avenue,39.87,-75.92
225,1612,198 Main Boulevard,41.83,-87.68
226,1700,891 Fourth Avenue,40.81,-81.93
227,963,8094 Catherine Lane,42.63,-71.32
228,904,41 Plum Boulevard,37.96,-76.51
229,1586,2974 Grant Avenue,40.66,-73.7
230,1286,456 Lincoln Boulevard,42.76,-78.74
231,719,1959 Forest Street,42.27,-89.06
232,1469,74 Hill Avenue,39.12,-97.7
233,930,5274 Martin Luther King Lane,32.75,-97.33
234,1814,136 South Street,41.83,-87.68
235,1723,560 Summit Street,39.16,-89.48
236,1377,593 Washington Drive,32.91,-96.62
237,470,281 Martin Luther King Avenue,35.14,-96.49
238,1804,1335 Norfolk Drive,41.56,-70.55
239,229,47428 First Boulevard,41.8,-91.49
240,1512,6995 North Drive,39.77,-86.14
241,1543,5857 12th Avenue,34.14,-118.46
242,147,4096 Sussex Avenue,32.35,-86.28
243,1941,2867 Federal Drive,33.14,-95.95
244,901,96 11th Street,30.44,-87.18
245,191,654 Elm Drive,33.71,-84.53
246,12,345 George Avenue,38.06,-78.9
247,1828,35 Hillside Drive,41.83,-87.68
248,29,318 Spruce Boulevard,42.47,-70.96
249,181,118 12th Avenue,33.86,-84.68
250,995,1752 Martin Luther King Avenue,35.46,-97.51
251,1218,982 Plum Boulevard,33.92,-118.2
252,186,49 Bayview Lane,36.1,-115.02
253,171,5194 Grant Street,34.83,-82.37
254,1401,9713 Fourth Lane,36.81,-119.75
255,1314,857 Jefferson Avenue,29.7,-98.11
256,1560,1861 Fourth Boulevard,42.61,-94.14
257,613,7549 Fourth Lane,41.87,-88.01
258,346,495 Ocean View Lane,34.43,-119.68
259,812,6946 Park Drive,42.78,-72.48
260,13,4222 Ocean View Drive,37.89,-85.96
261,602,46 South Street,36.34,-79.67
262,657,2780 Martin Luther King Drive,44.45,-95.78
263,909,215 Ocean View Drive,47.11,-122.76
264,183,84 Second Lane,41.83,-87.68
265,1792,1987 Hillside Lane,44.02,-72.23
266,1599,71 Madison Street,31.84,-106.43
267,1267,9574 Ocean Drive,47.83,-122.32
268,411,649 Sussex Street,43.97,-75.91
269,350,102 Seventh Avenue,39.14,-76.77
270,1323,28 Second Boulevard,32.34,-108.7
271,934,2017 Ninth Drive,42.38,-76.39
272,421,595 Valley Stream Drive,41.97,-91.66
273,223,3748 Mountain View Drive,38.78,-121.37
274,1402,626 Federal Drive,34.72,-92.35
275,1650,701 Pine Drive,40.71,-74.06
276,354,9 Plum Boulevard,38.86,-104.76
277,314,1039 Bayview Drive,39.0,-77.4
278,1457,11162 Oak Drive,41.57,-93.61
279,1613,4784 Park Boulevard,44.44,-69.83
280,945,751 Birch Avenue,32.79,-117.25
281,586,372 12th Boulevard,35.57,-82.54
282,119,60 Little Creek Avenue,36.16,-115.28
283,1312,5190 Grant Street,37.3,-121.8
284,1529,310 Birch Avenue,26.23,-80.13
285,326,644 Birch Avenue,40.26,-80.18
286,1596,188 Washington Avenue,34.28,-118.44
287,714,72 Second Street,45.34,-122.66
288,887,3999 West Lane,42.25,-71.9
289,1425,95 Sixth Avenue,35.33,-89.88
290,1645,58 Federal Lane,41.47,-81.85
291,1863,25 Hill Drive,42.29,-85.22
292,1576,2947 Lake Lane,42.66,-83.38
293,1268,857 Catherine Avenue,34.2,-86.15
294,1565,33 Mill Street,39.09,-84.51
295,1842,41307 Main Lane,35.11,-106.62
296,664,751 Fifth Street,40.86,-76.78
297,485,6889 Summit Lane,35.48,-120.92
298,244,8100 Hill Avenue,30.58,-84.58
299,145,645 Hillside Lane,36.18,-82.07
300,866,4591 Third Drive,40.43,-79.97
301,1424,887 Third Boulevard,35.13,-112.99
302,427,33 Pine Lane,36.15,-85.5
303,684,1246 11th Boulevard,26.14,-80.13
304,1643,233 Oak Drive,45.47,-122.37
305,1300,4988 Ocean View Lane,31.13,-93.27
306,283,74 Birch Avenue,40.75,-103.06
307,355,415 Madison Boulevard,35.87,-96.05
308,1669,6308 Maple Avenue,38.66,-121.62
309,937,430 Sixth Avenue,41.01,-73.84
310,845,860 Seventh Avenue,30.42,-86.61
311,1518,313 Martin Luther King Boulevard,34.47,-86.8
312,1591,2200 Third Drive,48.28,-122.62
313,1172,5154 Sixth Avenue,38.02,-121.3
314,1629,53789 Bayview Street,26.14,-80.13
315,675,42 Martin Luther King Drive,39.92,-77.8
316,577,769 Madison Drive,32.07,-110.92
317,854,3716 North Boulevard,41.64,-88.44
318,1261,610 Oak Street,45.54,-122.64
319,1227,727 Eighth Lane,42.37,-83.46
320,840,651 Fourth Avenue,37.74,-122.44
321,733,895 Lexington Lane,31.49,-97.23
322,454,9192 Birch Lane,46.87,-96.81
323,961,3031 Essex Street,28.2,-82.59
324,768,709 River Lane,40.13,-75.06
325,817,91 Lake Street,30.06,-89.93
326,78,5320 Mountain View Street,33.95,-118.29
327,1334,17 Tenth Avenue,43.0,-78.87
328,1610,12150 Mill Boulevard,32.32,-90.2
329,108,373 Sussex Drive,31.44,-93.45
330,1308,28 Lexington Drive,47.36,-122.1
331,780,41 Rose Lane,42.35,-71.22
332,1340,815 Hillside Drive,29.76,-95.38
333,1888,7854 Plum Avenue,44.65,-93.17
334,247,704 East Drive,30.21,-93.2
335,238,9261 Little Creek Lane,41.41,-82.31
336,915,936 Mill Street,43.08,-76.37
337,1927,35 Sixth Boulevard,41.07,-85.13
338,1658,8128 Hillside Avenue,41.84,-87.75
339,1208,9541 Ocean View Drive,40.59,-77.57
340,1255,9614 Ocean View Drive,35.37,-85.38
341,85,8016 Norfolk Drive,34.92,-76.89
342,1382,16 Eighth Lane,32.79,-96.76
343,1932,15 Valley Stream Drive,32.59,-116.58
344,1217,584 Bayview Street,33.62,-112.0
345,514,967 Norfolk Avenue,28.08,-80.6
346,232,186 First Drive,41.58,-73.8
347,445,9864 Fifth Lane,43.88,-85.8
348,1206,862 11th Drive,37.89,-122.03
349,1276,7236 South Boulevard,41.83,-87.68
350,875,5944 Grant Avenue,33.23,-87.54
351,1546,70 Second Drive,43.3,-71.33
352,422,5378 Lafayette Avenue,39.98,-82.98
353,519,839 East Avenue,36.14,-115.03
354,1408,209 George Avenue,33.31,-81.13
355,1204,583 El Camino Boulevard,42.09,-70.7
356,276,9892 George Drive,27.53,-99.48
357,1133,781 Federal Street,43.11,-77.8
358,1035,3132 Lake Avenue,38.62,-121.32
359,710,29 12th Avenue,42.12,-89.25
360,582,415 Lafayette Drive,41.36,-85.23
361,821,833 Elm Lane,29.76,-95.38
362,1352,8437 Sixth Street,44.75,-85.6
363,831,547 Norfolk Boulevard,41.29,-91.55
364,936,255 Bayview Street,35.15,-119.06
365,578,5934 Essex Boulevard,38.04,-84.45
366,1997,765 Forest Street,44.92,-93.4
367,258,572 Mountain View Lane,37.27,-79.95
368,851,42 Fourth Avenue,38.21,-85.23
369,1951,328 Birch Street,39.13,-76.69
370,1978,76 Birch Drive,32.76,-94.34
371,1897,683 Washington Street,40.87,-73.4
372,972,215 Plum Boulevard,31.84,-106.43
373,1010,5899 Mill Street,34.17,-82.02
374,1243,9316 Hillside Lane,40.27,-76.88
375,1976,2552 Forest Avenue,39.61,-76.85
376,91,89 Washington Boulevard,39.73,-75.53
377,1606,9383 Martin Luther King Street,30.68,-88.04
378,1201,175 Valley Drive,42.36,-71.36
379,1887,729 Wessex Drive,26.63,-81.85
380,195,5263 Little Creek Drive,28.75,-81.33
381,874,4973 Martin Luther King Lane,39.38,-119.67
382,1317,26 Valley Stream Drive,39.39,-74.51
383,1311,79 Sixth Avenue,47.54,-122.58
384,785,13 Main Boulevard,38.16,-121.93
385,662,670 Tenth Drive,41.86,-88.06
386,847,864 Main Lane,35.78,-95.24
387,685,5263 Fifth Avenue,44.26,-88.39
388,617,5048 Catherine Drive,38.03,-78.48
389,23,9085 West Drive,29.8,-98.73
390,339,640 Bayview Street,32.61,-90.03
391,280,3539 Lincoln Boulevard,37.92,-122.34
392,1473,6541 Fourth Drive,37.04,-93.29
393,65,4514 Elm Street,33.99,-81.08
394,1353,655 Federal Avenue,40.46,-111.63
395,736,8440 Park Drive,39.99,-105.09
396,1670,46 Lincoln Lane,33.82,-118.11
397,1776,130 Lincoln Drive,40.04,-82.12
398,1474,359 Tenth Avenue,42.5,-96.39
399,951,381 Catherine Avenue,33.91,-118.23
400,1818,23 11th Avenue,36.73,-76.04
401,1450,440 Littlewood Drive,28.08,-80.6
402,1524,118 Mountain View Lane,42.19,-88.08
403,1789,57 West Boulevard,38.22,-86.86
404,767,7096 Park Street,43.28,-72.47
405,678,861 Martin Luther King Boulevard,42.88,-78.85
406,471,123 Ocean View Street,38.57,-121.17
407,757,956 Lincoln Boulevard,40.64,-73.94
408,1724,489 Fourth Drive,41.71,-86.87
409,1603,6515 Hillside Drive,44.65,-114.15
410,224,5789 Ninth Drive,40.69,-73.85
411,808,1583 Grant Lane,40.78,-73.24
412,1326,292 Maple Drive,40.49,-74.48
413,158,5065 Catherine Drive,45.2,-122.06
414,1928,273 Ocean Street,45.79,-122.69
415,1575,23 12th Boulevard,27.19,-82.49
416,1608,1464 Bayview Street,31.85,-102.36
417,1455,83 Sixth Drive,32.72,-117.09
418,1916,62696 Norfolk Drive,30.65,-84.69
419,1617,105 Seventh Street,39.2,-76.85
420,143,5138 Park Drive,41.55,-87.66
421,1176,2411 Hillside Lane,37.94,-87.4
422,1194,2248 Third Avenue,35.06,-85.25
423,423,19 El Camino Drive,33.62,-112.05
424,580,5094 Lafayette Boulevard,40.55,-84.57
425,4,6016 Little Creek Boulevard,47.61,-122.3
426,530,34533 Ninth Avenue,34.06,-117.39
427,1826,94936 Elm Drive,28.92,-81.92
428,595,132 Lexington Drive,36.5,-78.55
429,1022,27 Summit Street,34.98,-80.54
430,1108,32 First Lane,40.83,-74.24
431,246,671 West Drive,44.96,-93.26
432,270,71682 Catherine Street,39.02,-84.56
433,1945,7728 Oak Drive,34.72,-92.35
434,1540,1513 Valley Boulevard,39.33,-84.54
435,1149,972 Spruce Avenue,26.14,-80.13
436,1438,4631 Plum Avenue,41.47,-81.67
437,409,7561 Littlewood Street,42.49,-92.35
438,694,1598 Elm Street,61.2,-149.82
439,382,541 Tenth Street,34.0,-118.28
440,629,4388 Hillside Street,39.27,-76.83
441,1211,644 South Drive,35.1,-90.0
442,823,858 Jefferson Avenue,36.7,-76.63
443,1304,229 River Avenue,40.99,-74.34
444,89,7794 Ocean Street,32.27,-106.61
445,1751,828 Little Creek Boulevard,38.78,-90.7
446,888,817 Forest Street,34.86,-92.12
447,81,804 Sixth Boulevard,29.57,-97.96
448,1021,218 East Street,34.14,-117.85
449,826,563 Birch Drive,33.98,-83.88
450,87,663 Second Boulevard,26.13,-97.63
451,1833,5514 Norfolk Boulevard,35.58,-88.5
452,829,587 East Lane,35.36,-79.13
453,1879,659 Valley Drive,35.66,-80.48
454,236,4137 Bayview Drive,29.7,-95.46
455,1619,693 Seventh Street,33.61,-96.6
456,1146,398 Park Boulevard,41.83,-87.68
457,803,55 El Camino Boulevard,37.53,-120.84
458,193,4343 Mountain View Boulevard,44.48,-103.84
459,1686,401 North Avenue,39.99,-105.09
460,1959,8750 Lake Boulevard,41.57,-81.2
461,1342,883 Federal Street,42.91,-78.7
462,1371,143 Catherine Boulevard,21.41,-157.79
463,1067,343 Lafayette Drive,37.54,-97.25
464,1019,482 Grant Street,34.09,-117.96
465,1568,3816 Spruce Drive,40.67,-73.39
466,1765,9594 Burns Lane,33.46,-82.5
467,1875,4966 Grant Street,40.89,-81.58
468,1111,7132 Rose Avenue,26.63,-81.99
469,1160,238 Eighth Avenue,41.8,-80.06
470,1574,7318 Mill Lane,34.89,-77.54
471,189,9566 Tenth Street,30.44,-97.62
472,466,416 Madison Street,40.4,-81.35
473,659,5079 Sussex Avenue,38.73,-86.47
474,942,3914 Mill Street,30.3,-90.97
475,1234,7815 Hillside Avenue,29.76,-95.38
476,841,2429 Eighth Avenue,44.63,-123.0
477,1388,4379 Lake Avenue,39.09,-76.85
478,1056,215 Elm Lane,34.28,-119.22
479,345,67424 Tenth Boulevard,42.24,-85.48
480,308,3675 Bayview Drive,35.37,-85.38
481,1922,127 Valley Boulevard,32.85,-117.2
482,1156,9603 South Lane,40.74,-74.33
483,561,604 Pine Street,40.8,-91.12
484,507,79 Burns Drive,40.81,-74.0
485,1522,41740 First Street,40.94,-74.24
486,695,530 Main Boulevard,29.48,-95.1
487,285,702 Elm Drive,36.95,-121.72
488,113,4 Plum Boulevard,32.86,-97.21
489,1039,29 Federal Boulevard,34.04,-118.21
490,176,627 Ninth Drive,33.74,-84.31
491,1104,120 Lafayette Boulevard,26.23,-80.13
492,946,2981 Ninth Boulevard,40.31,-79.38
493,1465,8463 Second Street,39.53,-84.08
494,25,814 Washington Street,33.36,-111.93
495,571,8580 Valley Stream Avenue,39.46,-77.96
496,1396,666 Lafayette Lane,39.21,-76.72
497,599,4872 Lexington Avenue,40.36,-75.09
498,1074,1305 Spruce Boulevard,44.66,-103.85
499,214,437 Madison Street,41.83,-87.68
500,771,919 Lafayette Drive,42.33,-122.79
501,520,3346 Hillside Street,40.26,-75.74
502,288,9891 Valley Drive,33.17,-90.48
503,1979,731 Lincoln Boulevard,26.37,-80.1
504,1253,1782 South Boulevard,41.44,-73.04
505,311,8070 Mill Lane,37.18,-113.6
506,1346,696 Oak Boulevard,36.81,-119.75
507,1622,1063 Federal Boulevard,42.15,-71.13
508,852,955 11th Street,29.82,-82.59
509,1394,341 Hill Drive,38.63,-90.24
510,957,862 Martin Luther King Drive,39.17,-77.26
511,515,9525 First Boulevard,32.51,-94.76
512,1303,602 First Street,41.31,-81.85
513,1287,698 11th Lane,35.55,-77.05
514,296,9570 North Drive,40.81,-74.1
515,1059,9762 Pine Street,35.43,-82.5
516,1378,778 Main Avenue,44.27,-88.34
517,1297,669 Wessex Lane,34.99,-92.63
518,1727,31 Oak Avenue,34.0,-81.03
519,310,4840 Summit Lane,38.72,-121.0
520,673,1772 Essex Boulevard,37.27,-79.88
521,1283,720 Seventh Avenue,45.64,-122.37
522,1239,5449 Lexington Drive,33.78,-117.93
523,1691,5459 El Camino Avenue,35.12,-81.51
524,1078,291 Seventh Drive,40.6,-88.98
525,124,9833 Forest Street,34.6,-98.42
526,99,891 El Camino Lane,26.23,-80.13
527,1722,162 Rose Drive,37.96,-121.26
528,562,1059 Elm Avenue,39.95,-104.9
529,750,475 Oak Boulevard,35.19,-80.83
530,1223,822 Ocean Street,41.8,-87.92
531,1319,671 George Drive,38.2,-84.55
532,575,6478 Valley Stream Avenue,40.15,-74.85
533,428,6405 Fifth Avenue,42.99,-71.45
534,828,85 Littlewood Avenue,29.45,-98.5
535,1580,528 Spruce Lane,41.6,-87.05
536,1570,100 Seventh Drive,45.93,-88.25
537,846,58 Catherine Drive,41.26,-96.01
538,666,919 Lafayette Avenue,35.85,-86.39
539,335,75 Birch Lane,26.74,-80.12
540,639,82 Jefferson Avenue,41.12,-83.01
541,386,3034 Third Boulevard,42.26,-71.8
542,886,189 Ninth Lane,40.17,-74.91
543,297,354 Main Drive,37.91,-76.47
544,1860,689 Littlewood Lane,34.48,-87.28
545,581,1813 Second Lane,29.99,-90.24
546,1910,710 North Lane,27.48,-82.57
547,731,5558 Littlewood Avenue,40.32,-118.2
548,21,819 Park Boulevard,39.47,-87.38
549,273,849 Norfolk Lane,41.16,-80.56
550,63,390 Tenth Street,40.72,-74.17
551,786,4279 West Boulevard,34.9,-79.01
552,1886,6693 George Drive,47.44,-122.28
553,103,8 Tenth Drive,35.82,-78.65
554,1193,6245 River Lane,41.69,-73.92
555,585,5581 Federal Street,30.11,-97.3
556,1532,99 El Camino Drive,39.53,-79.01
557,1958,2994 Tenth Lane,35.05,-78.87
558,744,927 Ocean View Drive,25.77,-80.2
559,1836,356 Mill Street,28.92,-81.92
560,477,45 Maple Lane,44.75,-68.67
561,1713,3395 Spruce Drive,39.1,-94.62
562,1506,2800 Third Drive,33.52,-86.79
563,357,645 Catherine Lane,42.35,-71.06
564,535,1248 Second Drive,41.53,-72.79
565,778,700 Lexington Avenue,40.52,-81.47
566,950,9264 Norfolk Lane,28.5,-81.37
567,1080,4581 Eighth Boulevard,32.19,-83.17
568,1197,146 Lafayette Drive,45.79,-122.69
569,711,6757 Eighth Avenue,39.01,-89.78
570,1731,599 First Drive,34.14,-117.45
571,451,654 Birch Lane,41.26,-96.01
572,1290,6223 Lexington Drive,33.1,-96.66
573,1817,25622 Lake Street,29.55,-95.27
574,56,5762 River Lane,40.76,-111.84
575,1383,315 Norfolk Lane,42.39,-71.1
576,1915,758 Sixth Boulevard,41.32,-74.18
577,1882,860 Maple Avenue,37.59,-122.06
578,1467,229 Norfolk Street,42.58,-83.14
579,1791,4975 Madison Boulevard,39.77,-86.14
580,447,5336 Tenth Drive,43.22,-86.25
581,1640,311 Washington Lane,41.89,-84.04
582,636,1342 Hill Lane,41.83,-87.68
583,782,2554 11th Lane,41.28,-84.36
584,316,995 Martin Luther King Street,29.76,-95.38
585,1192,1450 Rose Drive,44.22,-93.44
586,787,762 Lake Drive,29.61,-95.61
587,251,72834 Grant Boulevard,40.7,-73.61
588,1351,892 Third Boulevard,61.14,-149.76
589,490,90 Lexington Drive,29.45,-98.5
590,1935,98 Mountain View Drive,30.21,-92.02
591,387,8229 Bayview Avenue,41.4,-82.23
592,869,9355 Ocean View Drive,33.85,-84.22
593,1865,616 Catherine Avenue,40.04,-75.42
594,268,825 Norfolk Drive,43.02,-78.75
595,1124,8385 Mill Boulevard,37.62,-83.41
596,721,9735 Birch Street,25.77,-80.2
597,813,285 Washington Street,41.99,-71.5
598,152,49 Tenth Street,33.72,-84.32
599,1896,6695 River Lane,41.91,-83.38
600,1028,1012 Hill Drive,41.83,-87.68
601,922,5819 Norfolk Drive,26.89,-82.05
602,549,774 Wessex Lane,33.3,-111.74
603,565,6721 Sussex Drive,32.98,-96.89
604,1980,990 West Street,29.37,-95.45
605,1494,7703 Fourth Avenue,26.14,-80.13
606,1809,338 Bayview Lane,38.81,-77.72
607,637,794 Lake Street,40.98,-74.06
608,1770,6657 West Street,26.61,-80.05
609,527,217 Fifth Lane,40.99,-88.72
610,1139,418 Elm Street,32.88,-84.67
611,1459,9385 Birch Street,35.11,-106.62
612,1544,7643 Martin Luther King Street,40.1,-84.62
613,1174,944 Lexington Boulevard,30.6,-87.34
614,112,85 Lafayette Boulevard,43.98,-75.6
615,369,5193 East Street,38.22,-85.74
616,994,577 12th Lane,40.09,-74.21
617,1592,1317 Wessex Lane,37.5,-122.3
618,1029,9218 Martin Luther King Avenue,27.9,-81.97
619,1680,4701 Littlewood Drive,27.95,-82.48
620,1052,363 Third Drive,37.99,-122.27
621,494,700 Rose Avenue,39.09,-76.85
622,94,704 Summit Drive,35.71,-81.15
623,425,8897 East Street,36.46,-121.82
624,1720,4941 Ocean View Drive,32.75,-97.33
625,1699,9205 Summit Street,37.42,-121.94
626,1495,469 Mountain View Boulevard,39.77,-86.14
627,1005,78596 Birch Drive,29.76,-95.38
628,439,142 Valley Drive,41.47,-87.05
629,1285,6723 Maple Street,38.83,-77.21
630,1973,501 Grant Lane,34.87,-85.5
631,448,992 Martin Luther King Avenue,41.48,-87.68
632,1907,4189 Birch Street,22.21,-159.41
633,73,2193 Sixth Avenue,41.71,-73.96
634,1097,952 Mountain View Boulevard,43.95,-86.44
635,1644,637 Seventh Street,34.66,-83.09
636,967,9413 12th Boulevard,43.28,-93.2
637,1929,1734 George Drive,37.72,-122.41
638,1114,9900 Ninth Avenue,39.02,-86.93
639,1087,613 George Boulevard,37.53,-84.66
640,95,157 Eighth Street,47.62,-122.16
641,1778,32595 River Drive,35.49,-119.3
642,1031,6762 Second Street,39.75,-104.42
643,788,534 Norfolk Lane,40.71,-73.99
644,728,385 Grant Street,39.08,-94.35
645,1639,1034 Pine Boulevard,42.12,-80.08
646,1587,8803 Washington Boulevard,42.18,-70.73
647,1883,3462 Ocean Boulevard,38.49,-121.53
648,712,54 Lafayette Street,32.63,-117.05
649,1414,5822 Fourth Boulevard,38.35,-81.63
650,243,592 Hillside Drive,41.84,-87.79
651,146,45 Ocean Lane,41.85,-88.3
652,715,94 Ocean Avenue,41.76,-88.15
653,1489,9191 Main Avenue,43.03,-71.07
654,1232,5504 Spruce Drive,42.4,-96.35
655,842,945 Third Avenue,47.58,-122.03
656,486,938 Maple Boulevard,36.25,-115.08
657,763,583 Seventh Street,39.99,-75.27
658,154,8993 Madison Avenue,34.93,-78.72
659,704,6840 North Lane,41.2,-73.73
660,1409,512 Tenth Street,42.77,-86.1
661,1601,388 Third Street,41.31,-73.84
662,729,499 Lafayette Lane,40.28,-86.51
663,1016,165 Fourth Street,32.95,-117.19
664,1214,83302 Valley Stream Lane,42.06,-71.24
665,1760,610 Lake Drive,39.16,-89.48
666,927,13 Federal Street,42.48,-71.15
667,1667,18 Bayview Avenue,34.82,-89.98
668,1796,89075 Spruce Drive,38.56,-86.61
669,179,906 Little Creek Drive,34.98,-80.54
670,395,1105 Wessex Avenue,32.69,-97.12
671,513,841 Spruce Drive,30.5,-90.46
672,187,707 Elm Boulevard,37.77,-79.99
673,491,2336 George Drive,34.83,-82.37
674,1153,690 Catherine Street,39.69,-104.81
675,377,305 Pine Avenue,47.39,-122.26
676,850,422 Burns Street,37.98,-85.71
677,1186,12067 Federal Boulevard,39.95,-75.16
678,1694,480 Catherine Drive,41.09,-73.55
679,716,1495 Elm Boulevard,33.92,-116.83
680,1131,2609 Plum Drive,38.88,-94.81
681,1719,678 Park Drive,25.77,-80.2
682,254,323 Eighth Drive,40.02,-105.25
683,226,4262 Madison Drive,42.62,-70.86
684,1307,2332 Elm Lane,37.89,-122.03
685,1095,493 South Street,40.7,-73.89
686,1729,8958 Catherine Street,40.3,-112.3
687,1466,3194 Norfolk Street,38.64,-75.61
688,1226,376 Fourth Drive,21.34,-157.72
689,1755,302 Park Boulevard,31.96,-83.77
690,475,135 Spruce Lane,41.02,-84.04
691,1956,93 11th Avenue,33.81,-117.97
692,706,212 Ocean View Avenue,38.02,-122.54
693,474,455 Little Creek Boulevard,40.75,-73.64
694,1259,729 Littlewood Avenue,41.18,-73.42
695,320,6444 Madison Drive,32.22,-110.82
696,93,850 Birch Avenue,35.75,-87.79
697,1182,7350 Fourth Lane,43.21,-75.47
698,150,2897 West Street,38.7,-77.24
699,1327,3183 Burns Boulevard,45.94,-122.67
700,784,41043 Lincoln Lane,30.19,-90.78
701,1471,7948 Martin Luther King Avenue,35.1,-90.0
702,367,8893 Valley Drive,41.52,-87.42
703,1050,41332 Lincoln Avenue,35.98,-78.91
704,207,518 Main Street,36.58,-79.4
705,1838,753 East Avenue,35.05,-78.87
706,798,9982 Summit Boulevard,33.57,-117.14
707,1207,8425 East Lane,41.47,-81.67
708,1012,9006 Ocean Boulevard,39.95,-75.16
709,844,364 Eighth Drive,32.75,-97.33
710,334,8349 Valley Avenue,41.16,-82.22
711,815,57285 Jefferson Avenue,33.61,-112.46
712,1100,9888 Washington Boulevard,40.72,-73.51
713,407,9392 Fifth Avenue,41.83,-87.68
714,1244,580 Fifth Boulevard,35.28,-81.28
715,1740,42720 East Drive,42.86,-88.33
716,1754,97 Fourth Drive,34.58,-94.23
717,1184,20382 Park Drive,37.56,-121.98
718,1440,7344 Oak Drive,41.42,-78.55
719,200,4940 Ocean View Drive,38.21,-82.56
720,1446,54 Burns Avenue,34.02,-94.73
721,1263,212 Mountain View Lane,33.95,-84.54
722,1483,65690 Bayview Lane,41.93,-71.29
723,1085,563 Jefferson Boulevard,32.97,-117.02
724,1961,6295 Norfolk Boulevard,35.59,-77.37
725,776,905 West Avenue,35.1,-90.0
726,890,911 Ocean Boulevard,33.87,-117.89
727,1445,8199 Park Boulevard,41.12,-85.87
728,74,1444 Plum Boulevard,38.86,-104.76
729,1216,9129 Lexington Lane,37.74,-84.29
730,797,7945 Fourth Avenue,21.3,-157.85
731,610,36 First Drive,47.78,-117.45
732,1917,3225 Lexington Street,40.92,-72.92
733,975,34542 Ninth Drive,42.88,-78.85
734,109,933 Sussex Drive,45.6,-108.68
735,547,111 Hillside Avenue,42.62,-88.63
736,347,5671 Sussex Drive,25.77,-80.2
737,201,206 Pine Lane,41.52,-88.12
738,1368,637 Littlewood Drive,37.22,-77.28
739,1547,768 Valley Stream Drive,43.54,-89.46
740,1812,551 Essex Drive,34.78,-92.25
741,1379,93374 11th Street,42.58,-82.91
742,82,6054 Main Avenue,41.83,-87.68
743,1053,756 El Camino Avenue,28.65,-81.18
744,1893,6222 Sixth Lane,43.1,-71.73
745,955,6785 Valley Stream Boulevard,40.28,-80.6
746,856,275 Tenth Street,38.98,-77.12
747,1361,9385 Lincoln Drive,42.38,-83.1
748,261,7061 Littlewood Street,36.0,-114.96
749,64,95 12th Avenue,34.0,-118.03
750,1864,1177 Elm Avenue,42.79,-73.67
751,1768,3615 Lafayette Boulevard,40.43,-75.34
752,1151,353 South Boulevard,40.35,-74.65
753,356,24 River Avenue,27.19,-80.24
754,1393,6467 Birch Street,41.25,-97.12
755,865,9684 Grant Drive,38.06,-78.9
756,1914,5259 Lake Drive,36.78,-76.08
757,1641,3636 El Camino Avenue,39.09,-84.51
758,707,5941 South Lane,34.72,-82.78
759,3,840 Elm Avenue,33.89,-98.51
760,754,15 Elm Lane,33.69,-78.89
761,148,7378 Park Lane,43.6,-71.74
762,127,671 Little Creek Street,31.7,-86.26
763,1675,97 Little Creek Boulevard,47.14,-122.32
764,747,716 Lafayette Street,39.33,-82.23
765,1942,2073 South Avenue,40.71,-73.99
766,452,557 Catherine Drive,29.76,-95.38
767,1157,1884 Lake Avenue,32.98,-96.89
768,1534,1531 North Lane,39.9,-74.99
769,1086,442 Burns Boulevard,42.02,-71.21
770,1984,8265 Mountain View Drive,43.97,-88.95
771,835,549 Rose Drive,29.79,-90.82
772,758,39126 El Camino Boulevard,34.09,-118.13
773,1795,79 Hill Avenue,45.25,-93.33
774,1221,6606 Jefferson Avenue,33.92,-117.24
775,1821,740 Burns Lane,38.27,-104.62
776,1248,32299 Federal Street,42.68,-89.01
777,1900,690 Oak Street,43.06,-87.96
778,597,5138 North Drive,37.74,-122.44
779,1620,2537 Forest Boulevard,32.33,-96.62
780,1213,860 George Avenue,38.62,-122.61
781,619,498 Littlewood Avenue,44.01,-92.47
782,1043,95 Burns Drive,42.37,-71.11
783,394,514 Pine Boulevard,41.09,-73.55
784,1376,97536 Summit Street,30.51,-97.83
785,834,723 Summit Drive,33.95,-118.36
786,837,445 Fifth Avenue,39.15,-80.35
787,1257,287 Pine Lane,47.79,-122.3
788,1966,3835 Norfolk Street,36.05,-90.51
789,358,65 Fifth Lane,34.17,-82.37
790,912,1833 George Drive,25.77,-80.2
791,605,663 Summit Boulevard,40.64,-73.94
792,1362,3385 Hill Lane,38.78,-77.27
793,1513,8849 West Drive,41.3,-73.13
794,1521,557 Burns Boulevard,32.75,-97.77
795,564,2288 Pine Lane,44.08,-70.24
796,1309,115 Bayview Lane,47.61,-122.3
797,1583,182 Valley Street,40.04,-76.3
798,1885,189 Forest Street,33.99,-83.72
799,1566,48 Fourth Avenue,38.69,-121.31
800,401,84497 Valley Stream Drive,34.2,-118.39
801,15,401 Bayview Lane,34.02,-118.31
802,1666,649 Spruce Boulevard,32.29,-81.23
803,509,239 Sussex Drive,38.41,-82.43
804,954,691 Ocean View Street,33.93,-117.49
805,832,8799 Elm Avenue,33.2,-96.65
806,1046,9414 Summit Boulevard,39.95,-75.16
807,630,1583 Grant Avenue,30.33,-81.65
808,1561,245 Martin Luther King Drive,35.0,-80.94
809,1548,439 George Avenue,40.5,-111.7
810,221,560 Eighth Boulevard,37.7,-122.12
811,1991,979 Fifth Avenue,39.98,-82.98
812,1328,441 Rose Lane,40.16,-83.06
813,1901,292 First Avenue,43.69,-84.76
814,665,374 Lexington Street,41.23,-80.81
815,442,801 12th Drive,38.33,-90.4
816,1626,9212 Plum Avenue,35.15,-89.75
817,1539,215 Main Drive,42.82,-83.25
818,601,5828 Wessex Drive,28.5,-81.37
819,541,2699 Littlewood Avenue,35.63,-95.95
820,210,7677 Little Creek Drive,29.45,-98.5
821,206,4633 Sixth Avenue,42.89,-85.72
822,926,88 George Street,41.14,-81.36
823,115,386 11th Lane,40.93,-73.72
824,1779,989 Hill Lane,33.46,-82.5
825,248,80471 Eighth Street,27.95,-82.48
826,1003,2003 Ninth Avenue,40.2,-74.78
827,294,99 Mill Lane,33.83,-83.89
828,118,407 Seventh Lane,33.52,-86.79
829,292,871 Second Street,32.79,-116.96
830,755,951 11th Avenue,33.82,-78.67
831,1878,631 Elm Drive,34.32,-118.38
832,1432,78 Lexington Street,40.96,-74.61
833,456,600 Grant Lane,26.63,-81.99
834,623,3283 Park Lane,41.53,-87.87
835,1426,37 Norfolk Boulevard,40.33,-74.03
836,47,523 Federal Drive,40.84,-73.87
837,760,532 Sixth Drive,39.98,-82.98
838,956,714 North Drive,39.98,-82.98
839,194,531 Pine Avenue,40.34,-85.35
840,693,5342 Valley Stream Avenue,33.09,-96.88
841,1246,7499 Lake Boulevard,30.76,-88.12
842,641,878 Forest Street,39.98,-82.98
843,1060,359 Valley Street,39.77,-86.14
844,1292,176 River Boulevard,35.7,-89.99
845,1113,700 Madison Lane,41.76,-88.29
846,245,3 Main Street,26.11,-80.39
847,774,671 Essex Street,42.41,-114.59
848,1822,7736 Eighth Boulevard,27.09,-82.43
849,1209,95 12th Drive,40.94,-73.86
850,997,339 Little Creek Lane,32.64,-116.98
851,1180,18 Lake Avenue,40.71,-73.99
852,318,75540 Valley Street,34.5,-118.01
853,691,232 Jefferson Boulevard,38.39,-86.93
854,1993,963 11th Drive,37.35,-122.03
855,252,127 Grant Street,40.58,-82.42
856,1757,2773 El Camino Lane,40.19,-85.39
857,1324,535 Hill Boulevard,27.33,-82.54
858,1557,2516 Essex Drive,45.45,-122.79
859,1555,5367 Pine Avenue,34.01,-86.01
860,941,3248 Hill Drive,43.34,-73.67
861,156,2062 Fourth Street,34.08,-117.46
862,24,55378 Burns Avenue,42.27,-89.06
863,302,9354 Lafayette Street,38.41,-78.61
864,949,6595 Ocean Drive,40.45,-74.48
865,1281,34 Bayview Drive,34.1,-117.38
866,1428,800 Ninth Boulevard,37.67,-92.66
867,433,6829 Main Boulevard,39.38,-89.07
868,584,8823 South Drive,38.66,-121.37
869,1832,151 Lafayette Drive,40.71,-124.11
870,222,9243 Oak Street,33.76,-84.33
871,648,466 Pine Drive,32.78,-108.26
872,1939,480 First Lane,33.95,-118.29
873,722,3357 Hill Lane,41.01,-75.89
874,1889,23 El Camino Street,27.97,-82.76
875,1229,421 Essex Street,35.18,-79.46
876,505,31 Lincoln Avenue,25.77,-80.29
877,1083,45682 Washington Lane,38.45,-82.64
878,1656,350 Third Avenue,45.87,-95.37
879,568,5573 Sixth Lane,42.5,-94.17
880,1373,834 Tenth Lane,41.07,-85.13
881,667,588 Lincoln Street,35.98,-78.91
882,480,749 Oak Street,37.91,-122.01
883,569,29 Martin Luther King Lane,34.83,-92.2
884,1600,314 Fourth Street,47.67,-122.18
885,1063,690 Jefferson Lane,41.91,-89.06
886,32,7336 First Avenue,40.31,-79.54
887,1040,207 Washington Lane,39.86,-74.82
888,396,711 South Boulevard,42.07,-87.81
889,1498,69590 Rose Drive,39.68,-74.98
890,104,2043 Mill Street,32.69,-97.01
891,1062,55 Fourth Drive,41.57,-75.25
892,1845,498 Mountain View Avenue,40.53,-89.35
893,1657,600 River Lane,33.87,-118.21
894,1106,1563 Summit Boulevard,34.13,-118.24
895,1867,514 Sixth Boulevard,29.45,-98.5
896,1045,5222 Valley Stream Avenue,33.41,-82.31
897,1786,7554 Sixth Street,40.83,-81.26
898,1569,7276 Valley Drive,43.54,-96.73
899,899,5544 Grant Avenue,42.24,-83.62
900,1595,4191 Maple Avenue,40.84,-73.87
901,446,28 Madison Lane,40.69,-73.73
902,53,7406 Mill Avenue,38.62,-120.62
903,1136,1430 Elm Avenue,37.56,-121.98
904,551,54 George Avenue,39.14,-119.71
905,1491,40 River Boulevard,32.25,-111.08
906,330,271 Sixth Drive,40.24,-75.28
907,392,687 Fifth Boulevard,27.64,-80.39
908,1144,545 Eighth Avenue,29.76,-95.38
909,1163,2270 Sixth Lane,29.99,-95.26
910,230,675 Fifth Avenue,30.44,-91.12
911,1066,9846 Second Lane,40.27,-75.26
912,460,696 George Lane,41.02,-73.8
913,1661,939 Main Lane,39.09,-76.85
914,1926,867 Valley Stream Boulevard,28.78,-81.27
915,27,3553 Mountain View Drive,32.28,-90.0
916,365,1392 Plum Avenue,40.64,-73.94
917,50,267 Birch Boulevard,45.82,-88.06
918,653,939 Lake Drive,41.64,-71.0
919,743,5810 Sixth Drive,35.64,-78.0
920,999,2481 Hillside Street,42.26,-71.11
921,940,620 12th Avenue,25.77,-80.2
922,534,31919 Summit Boulevard,41.72,-93.6
923,1460,7454 12th Lane,42.52,-87.88
924,59,726 Oak Avenue,32.78,-108.26
925,1908,3601 Catherine Boulevard,35.97,-83.94
926,1436,729 Wessex Avenue,41.52,-87.42
927,1230,66 Birch Lane,32.3,-80.92
928,324,5995 Valley Stream Avenue,45.55,-122.73
929,992,574 Norfolk Street,37.37,-77.5
930,198,732 Lincoln Drive,27.95,-82.48
931,1017,7043 Ocean Avenue,34.14,-119.1
932,1813,334 Birch Drive,35.82,-87.01
933,1989,3487 Bayview Drive,38.81,-76.75
934,1148,377 Lake Lane,39.95,-75.16
935,872,96 Lake Lane,41.88,-87.84
936,458,298 Federal Avenue,33.63,-112.09
937,920,37 Sixth Lane,35.11,-106.62
938,1598,996 Valley Drive,36.83,-119.79
939,1876,2040 Washington Boulevard,38.05,-84.72
940,412,7091 Lexington Lane,36.07,-94.15
941,190,5468 Little Creek Drive,42.03,-87.73
942,163,169 Oak Street,41.37,-79.7
943,567,9804 Third Street,35.74,-81.69
944,503,54 Valley Lane,41.83,-87.68
945,469,488 Bayview Boulevard,33.88,-117.85
946,1851,73 Essex Lane,35.83,-78.83
947,1523,7561 Valley Avenue,36.07,-79.82
948,35,8460 Oak Lane,43.66,-70.25
949,317,816 El Camino Drive,39.74,-121.6
950,1195,1222 First Drive,44.01,-92.47
951,1238,95410 Pine Boulevard,38.87,-77.1
952,432,4329 El Camino Boulevard,36.08,-81.92
953,1082,316 Valley Stream Avenue,37.23,-119.49
954,120,64 Mill Street,42.88,-88.0
955,1289,27934 11th Street,26.14,-80.13
956,1502,92196 Tenth Drive,39.1,-77.55
957,1497,292 Tenth Street,38.53,-121.44
958,1047,225 Ocean View Avenue,37.55,-77.46
959,0,858 Plum Avenue,43.59,-70.33
960,351,984 Little Creek Lane,40.77,-73.84
961,1797,391 Martin Luther King Boulevard,37.71,-122.16
962,1386,485 Birch Boulevard,41.39,-84.12
963,1122,776 Bayview Avenue,40.84,-73.28
964,255,8026 East Drive,29.79,-95.82
965,765,188 Ninth Boulevard,37.78,-90.42
966,703,864 Jefferson Drive,30.23,-92.19
967,1919,7994 Maple Lane,40.95,-72.19
968,791,939 Mill Street,33.98,-117.65
969,199,7927 Plum Lane,33.1,-96.66
970,282,260 Spruce Avenue,29.45,-98.5
971,908,3776 Bayview Lane,35.69,-78.62
972,880,231 Littlewood Avenue,48.95,-122.43
973,770,33 Second Boulevard,33.04,-96.74
974,1169,375 Hillside Drive,30.54,-97.64
975,522,4726 Third Street,38.46,-85.95
976,1736,2479 Valley Avenue,40.64,-73.94
977,506,2742 El Camino Boulevard,42.71,-78.93
978,131,5883 Sixth Street,34.22,-80.68
979,76,3269 River Street,40.23,-83.37
980,249,6777 First Drive,34.1,-117.38
981,1279,22 East Avenue,42.47,-83.49
982,1652,733 Maple Drive,38.95,-92.32
983,739,6022 Mill Street,29.76,-95.38
984,1475,412 Burns Drive,21.31,-158.01
985,1251,645 Tenth Boulevard,32.84,-116.88
986,1119,994 Second Lane,38.83,-76.92
987,592,69 Spruce Avenue,35.32,-82.46
988,692,23 Sussex Lane,42.92,-82.88
989,1065,6157 Washington Drive,33.45,-117.66
990,1764,4728 George Drive,42.96,-85.65
991,1830,1184 Essex Lane,35.05,-83.19
992,157,6232 Second Avenue,33.83,-117.2
993,676,663 Third Drive,33.09,-96.88
994,1481,527 Federal Avenue,37.78,-121.99
995,1902,4350 Valley Boulevard,39.74,-81.51
996,123,5180 Burns Boulevard,33.24,-84.27
997,1995,28 First Lane,39.92,-77.71
998,1688,8555 Eighth Avenue,37.16,-81.5
999,1895,900 Littlewood Street,39.75,-74.22
1000,1891,96 Jefferson Street,29.19,-81.05
1001,453,682 Martin Luther King Avenue,32.79,-96.76
1002,341,517 Eighth Drive,40.87,-73.4
1003,1571,385 Jefferson Avenue,36.29,-86.6
1004,1615,1105 Second Drive,42.31,-83.21
1005,1647,1358 Plum Avenue,41.31,-79.38
1006,680,800 Madison Street,28.5,-81.37
1007,52,13 Rose Boulevard,41.56,-73.59
1008,1387,104 First Boulevard,35.72,-78.84
1009,1034,427 Essex Lane,35.12,-80.71
1010,677,855 Sussex Avenue,44.94,-93.1
1011,440,689 Valley Stream Lane,42.67,-70.98
1012,338,222 Lafayette Lane,42.83,-78.63
1013,1120,4868 Lake Lane,33.72,-118.0
1014,1127,60396 Elm Street,26.14,-81.79
1015,1662,469 Pine Street,38.53,-90.0
1016,1462,4788 Jefferson Boulevard,44.1,-122.8
1017,1848,4947 Sussex Boulevard,40.1,-74.93
1018,1444,8999 Washington Drive,40.63,-73.63
1019,45,9473 Mill Street,40.86,-74.15
1020,1102,836 Bayview Avenue,36.12,-95.91
1021,1636,4882 Mountain View Lane,39.09,-94.58
1022,502,434 Bayview Avenue,40.93,-79.59
1023,1630,716 Bayview Avenue,36.11,-80.81
1024,266,39 Park Lane,34.02,-118.15
1025,5,1032 Second Lane,42.95,-77.13
1026,1712,1437 Madison Lane,32.79,-96.76
1027,1360,4693 Elm Lane,30.75,-86.57
1028,1013,834 Elm Avenue,38.99,-105.05
1029,993,5647 Burns Boulevard,29.43,-90.3
1030,642,96 Ninth Drive,33.11,-94.16
1031,1871,3241 Park Lane,35.11,-106.62
1032,1721,620 River Boulevard,46.11,-118.3
1033,868,5004 Lake Street,35.46,-97.51
1034,1517,7954 Wessex Boulevard,38.9,-77.26
1035,364,9052 River Lane,35.79,-83.97
1036,686,25521 First Street,32.53,-82.92
1037,696,5064 North Lane,40.63,-73.72
1038,962,564 Catherine Lane,44.52,-87.98
1039,1407,9466 Essex Street,33.43,-86.99
1040,1015,9761 East Street,33.88,-84.37
1041,1456,884 Tenth Drive,33.12,-89.05
1042,1861,992 Forest Street,33.1,-96.66
1043,161,237 Hill Lane,31.56,-97.18
1044,263,8687 Ninth Drive,40.09,-74.21
1045,1389,6950 Federal Avenue,33.83,-86.26
1046,1707,816 Little Creek Lane,46.12,-123.67
1047,1374,7004 Mill Drive,42.45,-87.84
1048,1855,1 Burns Lane,37.3,-121.8
1049,867,381 Sussex Avenue,31.07,-97.61
1050,274,4 North Street,38.89,-77.03
1051,1552,896 Madison Boulevard,43.65,-116.43
1052,635,5338 Fifth Boulevard,40.76,-74.03
1053,1526,5773 River Street,40.94,-121.74
1054,319,388 Third Avenue,36.75,-119.67
1055,740,9104 Second Avenue,29.76,-95.38
1056,965,2108 Spruce Lane,38.58,-121.4
1057,1421,7691 Ocean View Avenue,35.11,-77.07
1058,1538,58 River Avenue,40.71,-73.99
1059,1101,142 Rose Drive,42.11,-72.53
1060,92,2760 Forest Drive,43.54,-96.73
1061,125,9505 Martin Luther King Avenue,37.63,-121.01
1062,449,901 Oak Street,40.56,-79.75
1063,1173,3095 Hill Boulevard,42.83,-106.32
1064,1810,350 North Street,42.22,-83.36
1065,1843,89 Wessex Street,41.5,-87.63
1066,1578,3899 Seventh Lane,30.33,-81.65
1067,658,7476 First Lane,29.67,-82.33
1068,1858,6781 Spruce Boulevard,34.25,-118.41
1069,1663,276 12th Boulevard,41.83,-87.68
1070,1503,1362 Norfolk Drive,32.35,-86.28
1071,725,392 Rose Drive,42.35,-71.06
1072,1671,1559 Tenth Street,27.95,-82.48
1073,1233,315 Little Creek Lane,38.71,-90.12
1074,1271,539 Maple Drive,36.11,-80.07
1075,473,26191 George Drive,42.38,-83.1
1076,1541,7139 Lake Boulevard,36.09,-84.13
1077,149,5 Hill Avenue,33.02,-117.12
1078,560,9099 Little Creek Drive,44.96,-93.26
1079,1006,7559 Forest Boulevard,41.53,-87.26
1080,368,2842 Littlewood Avenue,28.5,-81.37
1081,1696,4461 Hill Street,28.32,-80.68
1082,416,5220 Lincoln Street,36.17,-86.78
1083,51,3260 Hillside Lane,36.29,-86.6
1084,196,518 Norfolk Avenue,33.29,-83.96
1085,690,149 Burns Boulevard,39.59,-105.01
1086,1477,30 First Lane,40.15,-82.68
1087,260,142 Catherine Street,26.21,-98.31
1088,857,3019 Elm Drive,39.46,-74.99
1089,1167,606 Spruce Boulevard,40.33,-75.92
1090,1358,128 Main Street,43.1,-89.5
1091,1611,44 Ocean Avenue,33.87,-78.63
1092,734,57799 Oak Boulevard,42.88,-78.85
1093,1507,1533 Martin Luther King Lane,42.48,-89.03
1094,504,377 Mountain View Drive,37.88,-89.49
1095,524,252 Eighth Lane,38.37,-81.81
1096,525,959 Tenth Street,38.29,-120.58
1097,250,61674 Elm Drive,44.52,-122.81
1098,479,936 12th Street,39.11,-76.55
1099,343,919 Ocean View Lane,37.73,-121.24
1100,1196,498 Elm Lane,35.24,-113.76
1101,1530,25 Elm Street,32.93,-97.22
1102,1963,468 Spruce Street,38.35,-121.93
1103,764,6864 Norfolk Boulevard,32.61,-83.63
1104,213,345 George Street,32.91,-96.62
1105,410,72990 Second Drive,40.62,-96.63
1106,1685,5886 Ninth Boulevard,33.61,-111.89
1107,225,69080 Spruce Street,29.76,-95.38
1108,1210,6415 Sussex Lane,41.0,-76.85
1109,1336,243 Forest Lane,40.66,-73.84
1110,576,478 Hill Avenue,33.95,-84.54
1111,1677,849 Littlewood Drive,33.57,-101.87
1112,1969,402 El Camino Drive,27.48,-82.57
1113,1431,6134 Littlewood Lane,30.38,-89.06
1114,558,29894 Martin Luther King Lane,27.97,-82.76
1115,1482,52 Sixth Boulevard,34.06,-84.27
1116,1295,888 Lincoln Street,46.78,-92.11
1117,1468,5238 Plum Street,37.1,-121.6
1118,538,7888 Fourth Street,35.3,-77.15
1119,748,2100 Summit Street,29.76,-95.38
1120,1068,3900 Rose Street,35.1,-110.64
1121,41,2750 Rose Boulevard,43.08,-91.56
1122,807,869 Little Creek Lane,42.77,-86.1
1123,1430,131 Tenth Avenue,41.63,-93.74
1124,1873,3722 Valley Boulevard,31.84,-106.43
1125,204,775 Lexington Boulevard,30.64,-97.68
1126,424,4020 Littlewood Street,40.29,-79.99
1127,980,463 12th Street,39.32,-76.72
1128,1415,243 Wessex Avenue,33.15,-117.17
1129,600,2819 Littlewood Lane,39.96,-76.73
1130,652,9952 South Lane,41.76,-72.61
1131,1129,2379 Forest Lane,33.18,-117.29
1132,885,7121 Fourth Avenue,36.67,-93.86
1133,1899,761 Main Avenue,47.94,-122.0
1134,1369,535 Grant Boulevard,39.35,-85.96
1135,1057,135 Littlewood Avenue,33.2,-117.29
1136,1302,8323 Catherine Boulevard,36.42,-81.46
1137,415,7571 George Street,39.53,-83.43
1138,83,766 Catherine Boulevard,38.29,-77.48
1139,1093,76 Grant Lane,40.64,-73.94
1140,28,871 12th Lane,38.63,-77.26
1141,33,6335 Rose Lane,39.21,-119.71
1142,1646,0 Ocean Boulevard,40.33,-79.83
1143,1847,566 Hillside Street,28.18,-82.74
1144,1152,8061 Spruce Drive,37.94,-91.76
1145,134,924 First Drive,31.84,-106.43
1146,188,9226 Tenth Boulevard,38.85,-77.29
1147,220,3550 Sixth Boulevard,38.1,-122.63
1148,1343,777 Valley Stream Lane,41.83,-87.68
1149,1930,55 Madison Drive,33.2,-97.75
1150,1260,1963 Summit Lane,26.14,-80.13
1151,96,20 Oak Street,33.89,-117.78
1152,1166,8659 El Camino Street,39.39,-84.56
1153,1533,470 11th Lane,39.77,-86.14
1154,88,6614 Ninth Boulevard,35.46,-86.08
1155,1451,9384 Lake Street,42.41,-70.99
1156,57,9706 Mountain View Street,32.33,-111.05
1157,1335,29693 Bayview Drive,33.56,-117.63
1158,816,8943 11th Drive,36.56,-82.19
1159,1081,9633 Mill Lane,39.69,-104.81
1160,1385,5537 Eighth Street,44.96,-93.26
1161,1125,99791 12th Boulevard,30.51,-97.67
1162,1952,541 Federal Avenue,27.75,-82.64
1163,1870,5458 Spruce Street,32.85,-117.2
1164,1345,7978 Main Lane,30.21,-90.92
1165,1695,238 Ocean View Lane,33.94,-117.99
1166,1906,3699 Lafayette Avenue,41.26,-96.01
1167,1985,9061 Grant Avenue,34.06,-84.27
1168,1604,7680 Fourth Street,34.31,-89.93
1169,1933,345 Elm Avenue,29.57,-81.21
1170,649,9 Fourth Drive,41.5,-74.02
1171,1486,396 Park Street,36.48,-81.05
1172,1744,4238 Birch Lane,35.78,-88.36
1173,1272,581 Seventh Drive,36.0,-115.04
1174,400,539 Pine Boulevard,30.17,-85.67
1175,1994,9716 Third Lane,39.38,-119.87
1176,572,202 Washington Drive,29.95,-91.2
1177,1442,1036 Spruce Street,43.01,-114.7
1178,1853,546 First Avenue,40.34,-94.87
1179,556,5659 Park Avenue,41.01,-81.6
1180,1960,334 Rose Boulevard,38.96,-76.85
1181,321,262 First Lane,45.18,-89.7
1182,483,253 West Drive,48.53,-122.31
1183,404,33 Seventh Boulevard,29.77,-82.48
1184,1510,835 Main Avenue,33.9,-118.0
1185,916,125 First Avenue,36.04,-86.64
1186,1635,90 Sussex Drive,40.68,-73.78
1187,1384,528 Lake Drive,38.53,-90.0
1188,943,66 Grant Lane,40.2,-74.78
1189,1236,521 Main Lane,38.86,-104.76
1190,969,18360 Valley Avenue,33.81,-117.79
1191,508,3221 Tenth Lane,39.75,-75.09
1192,496,16893 Fifth Avenue,32.76,-96.59
1193,450,253 Lexington Avenue,37.07,-76.51
1194,1753,95612 South Street,32.28,-90.0
1195,304,6606 Sixth Drive,41.14,-104.79
1196,839,96493 Valley Stream Avenue,41.63,-73.21
1197,138,754 South Avenue,40.77,-79.04
1198,43,5594 12th Drive,33.99,-118.39
1199,1187,203 Valley Lane,44.78,-89.68
1200,849,5456 Ninth Avenue,39.95,-75.16
1201,654,646 South Lane,39.14,-81.78
1202,1898,5521 Spruce Avenue,32.35,-86.28
1203,1971,829 Grant Boulevard,43.45,-76.5
1204,1020,331 Essex Drive,42.03,-88.08
1205,22,5651 North Boulevard,38.99,-76.88
1206,436,599 Hillside Drive,40.32,-75.32
1207,1823,172 Third Lane,33.27,-111.94
1208,589,250 Hillside Drive,40.55,-81.91
1209,49,190 Burns Avenue,40.81,-81.93
1210,1350,637 Main Avenue,33.84,-118.07
1211,1525,534 Sixth Boulevard,29.88,-90.06
1212,69,3067 First Street,40.52,-81.47
1213,234,8027 Main Drive,32.76,-96.59
1214,608,702 Grant Drive,37.78,-121.99
1215,1064,477 Madison Lane,37.68,-122.43
1216,374,50 Spruce Street,38.47,-121.44
1217,286,4232 Grant Drive,31.15,-88.55
1218,1419,634 Grant Boulevard,33.74,-84.37
1219,1435,9872 Lexington Street,34.06,-84.27
1220,1683,85 East Drive,31.84,-106.43
1221,727,310 Bayview Boulevard,38.63,-90.24
1222,1150,5692 Jefferson Boulevard,32.83,-97.17
1223,332,8794 Catherine Lane,39.52,-85.77
1224,487,9028 Valley Stream Avenue,42.66,-73.79
1225,735,676 Bayview Street,47.79,-122.2
1226,137,3177 Oak Avenue,36.33,-82.36
1227,570,6781 Ocean View Drive,34.29,-83.83
1228,1121,8476 Lincoln Street,32.78,-79.99
1229,860,7035 River Boulevard,39.01,-77.02
1230,518,558 North Street,44.06,-70.39
1231,1203,5867 East Street,43.42,-73.71
1232,944,3817 Martin Luther King Avenue,33.77,-118.34
1233,388,6444 Maple Lane,28.92,-81.92
1234,741,239 Third Drive,42.35,-71.06
1235,1737,14813 El Camino Drive,42.46,-82.94
1236,1709,628 Third Avenue,40.46,-96.37
1237,1018,350 Main Boulevard,29.57,-81.21
1238,275,973 River Street,29.56,-95.02
1239,1367,364 Plum Lane,44.52,-87.98
1240,1965,34 Oak Boulevard,43.9,-123.02
1241,284,822 Martin Luther King Drive,33.44,-111.76
1242,79,990 North Lane,30.36,-87.17
1243,1515,7239 Hill Lane,40.34,-76.42
1244,1934,820 Second Lane,34.0,-118.3
1245,9,22 Mill Drive,32.63,-117.05
1246,1964,973 Federal Drive,35.64,-78.45
1247,982,9232 Mill Drive,40.49,-74.48
1248,1676,919 Martin Luther King Lane,38.81,-94.45
1249,1519,98086 Essex Drive,45.6,-108.68
1250,1098,772 Fifth Boulevard,42.67,-95.3
1251,554,6310 Sixth Street,29.66,-95.04
1252,596,914 George Street,40.64,-73.94
1253,170,79948 Sixth Avenue,35.01,-97.37
1254,794,803 Plum Avenue,33.94,-118.2
1255,1697,317 Wessex Boulevard,42.06,-83.97
1256,573,7970 Little Creek Drive,33.79,-82.47
1257,1715,4460 11th Avenue,42.27,-89.06
1258,1607,724 Valley Stream Street,32.91,-96.62
1259,1026,2116 Second Drive,36.52,-119.39
1260,1892,449 Washington Street,35.01,-97.33
1261,402,77931 Lincoln Avenue,33.83,-83.89
1262,1628,438 Seventh Avenue,39.77,-86.14
1263,553,471 Ocean Boulevard,37.78,-90.42
1264,1551,148 Hillside Boulevard,40.15,-89.36
1265,1672,919 Washington Drive,41.45,-81.92
1266,426,8709 Fifth Street,42.9,-85.82
1267,1135,796 West Lane,33.84,-118.35
1268,1420,673 11th Drive,44.94,-93.1
1269,1589,6301 Hillside Avenue,34.02,-118.15
1270,1002,8446 Catherine Drive,35.43,-118.83
1271,1411,3196 Elm Boulevard,41.92,-88.3
1272,1654,385 Pine Drive,41.47,-71.3
1273,1330,35187 West Lane,34.4,-119.72
1274,790,480 Ocean View Boulevard,32.9,-116.89
1275,552,1416 Bayview Avenue,29.67,-82.33
1276,139,835 Main Street,40.64,-73.94
1277,1280,7933 Plum Lane,34.06,-117.79
1278,883,6174 East Street,45.53,-122.6
1279,359,338 Littlewood Street,33.94,-83.99
1280,1921,704 Third Avenue,34.12,-83.22
1281,651,810 Summit Lane,38.56,-76.07
1282,557,350 Jefferson Boulevard,33.97,-118.35
1283,1071,4693 Essex Street,44.07,-103.23
1284,1175,748 Martin Luther King Street,40.84,-73.87
1285,1936,406 El Camino Boulevard,44.4,-73.0
1286,182,916 Birch Drive,26.14,-81.79
1287,468,76 Lexington Boulevard,41.65,-91.53
1288,1651,632 Pine Drive,35.15,-89.75
1289,1714,427 Martin Luther King Street,30.06,-95.38
1290,1839,1892 Catherine Street,37.13,-85.96
1291,1585,4346 El Camino Boulevard,30.33,-81.65
1292,1245,780 Ocean Avenue,37.43,-76.54
1293,732,513 Tenth Avenue,37.68,-97.34
1294,342,3033 Maple Lane,38.94,-77.19
1295,476,26 El Camino Street,40.93,-76.25
1296,164,772 Lexington Street,40.84,-84.33
1297,539,3701 Birch Street,42.7,-84.55
1298,40,2786 Forest Lane,39.92,-83.79
1299,1,113 Burns Lane,30.44,-87.18
1300,272,387 Plum Avenue,39.79,-75.14
1301,521,1241 11th Boulevard,34.06,-118.08
1302,988,344 Washington Drive,29.91,-90.05
1303,660,256 Jefferson Street,37.55,-77.46
1304,1381,1699 West Lane,41.69,-81.33
1305,184,8886 Little Creek Street,42.83,-89.07
1306,1183,852 Tenth Boulevard,38.31,-85.76
1307,905,385 Maple Street,37.55,-122.26
1308,419,933 Valley Lane,38.14,-120.45
1309,239,2519 Park Boulevard,44.88,-94.37
1310,1241,159 Plum Avenue,40.43,-84.38
1311,383,6606 Oak Drive,30.81,-92.65
1312,1816,251 Main Lane,40.47,-86.13
1313,1501,8475 Essex Lane,39.98,-82.98
1314,497,8414 Tenth Drive,43.54,-96.73
1315,893,4485 Plum Lane,43.05,-74.34
1316,44,8651 Seventh Street,43.48,-124.16
1317,661,894 Ocean Avenue,40.68,-75.22
1318,939,4259 East Lane,40.04,-76.3
1319,947,4117 Fifth Avenue,40.64,-73.94
1320,1749,415 Elm Street,42.39,-83.05
1321,385,9983 Park Drive,32.23,-80.86
1322,67,1 Sixth Boulevard,47.22,-122.54
1323,1298,3535 West Drive,34.01,-118.2
1324,913,4943 Martin Luther King Lane,28.3,-81.41
1325,1634,703 West Drive,26.18,-98.11
1326,804,37 River Boulevard,36.97,-86.44
1327,1703,1532 Birch Drive,39.08,-108.55
1328,1741,31 Hillside Lane,32.21,-110.88
1329,766,66 Plum Avenue,28.23,-82.17
1330,472,4480 Hillside Avenue,42.34,-88.11
1331,366,773 12th Street,44.01,-88.55
1332,1205,152 Sixth Avenue,32.32,-95.3
1333,1705,952 Valley Avenue,35.95,-85.03
1334,626,394 Essex Boulevard,26.11,-80.39
1335,1638,6337 Spruce Street,44.67,-93.24
1336,1953,21 Lafayette Drive,43.59,-88.28
1337,1771,7662 Mountain View Boulevard,38.76,-121.28
1338,931,2707 Main Boulevard,35.1,-90.0
1339,1190,4480 Essex Drive,33.0,-80.17
1340,371,19176 Grant Drive,37.55,-77.46
1341,1404,68 Sixth Avenue,32.3,-95.47
1342,1970,876 Main Avenue,42.32,-72.67
1343,1364,37845 Main Street,32.93,-97.22
1344,327,7485 Seventh Street,44.41,-71.97
1345,1337,9249 Third Lane,27.27,-80.35
1346,594,7109 Rose Street,35.88,-80.07
1347,1704,288 North Lane,39.95,-86.02
1348,1500,270 Plum Street,38.44,-121.3
1349,923,38 Fifth Street,42.68,-82.73
1350,1788,420 Littlewood Drive,29.71,-90.59
1351,129,6295 Summit Drive,34.1,-118.05
1352,1756,32 Fourth Drive,35.98,-78.91
1353,197,1867 Bayview Street,37.86,-84.65
1354,219,4541 Hill Boulevard,44.01,-84.8
1355,1820,822 Lake Drive,25.77,-80.2
1356,405,640 Spruce Boulevard,33.42,-112.2
1357,726,845 Littlewood Boulevard,33.79,-118.29
1358,20,3631 Plum Boulevard,32.42,-97.1
1359,216,378 Fourth Boulevard,39.92,-85.36
1360,293,58221 Main Drive,35.22,-97.34
1361,1868,39289 Essex Street,33.9,-117.61
1362,1996,7853 Grant Street,29.43,-95.24
1363,1171,73 Summit Street,21.4,-157.73
1364,1154,80773 Essex Avenue,43.01,-88.23
1365,819,4909 Maple Avenue,40.43,-79.97
1366,1554,227 Little Creek Street,41.68,-72.94
1367,1079,422 Madison Lane,40.66,-73.63
1368,681,95 Main Avenue,40.0,-76.84
1369,240,280 Lake Avenue,36.21,-83.29
1370,751,860 Martin Luther King Boulevard,33.45,-96.74
1371,773,486 West Boulevard,34.49,-85.84
1372,1294,2244 Mill Boulevard,40.69,-74.26
1373,1567,7874 Wessex Street,42.1,-76.26
1374,132,8407 Littlewood Street,27.48,-82.57
1375,512,3248 Summit Lane,33.73,-112.14
1376,501,952 Plum Avenue,30.68,-88.04
1377,178,27 Third Avenue,39.01,-94.28
1378,1077,886 Plum Boulevard,39.12,-123.28
1379,914,10 Norfolk Boulevard,37.68,-97.34
1380,1840,576 Martin Luther King Street,45.49,-122.8
1381,550,4937 Maple Lane,47.54,-122.58
1382,1869,96707 East Boulevard,34.78,-86.95
1383,977,237 Hill Boulevard,32.59,-96.68
1384,933,7037 Wessex Avenue,36.36,-96.03
1385,938,875 Plum Street,38.97,-94.95
1386,622,986 East Avenue,38.85,-77.29
1387,796,8199 Norfolk Avenue,39.42,-76.29
1388,621,2227 Federal Lane,29.19,-81.05
1389,1038,19 Valley Stream Drive,39.6,-82.93
1390,1687,469 Grant Lane,35.11,-106.62
1391,1890,338 Spruce Lane,41.18,-77.31
1392,544,100 Rose Lane,40.86,-73.63
1393,810,239 West Drive,37.68,-85.22
1394,58,6561 George Avenue,38.81,-90.96
1395,1986,5887 Seventh Lane,37.68,-122.43
1396,1084,152 West Drive,47.26,-122.45
1397,1349,716 Lake Avenue,29.76,-95.38
1398,1825,817 Ocean Avenue,39.69,-104.81
1399,98,7872 Oak Drive,40.14,-87.61
1400,615,3963 Essex Drive,29.43,-95.24
1401,1488,6427 12th Boulevard,41.65,-81.43
1402,211,441 River Street,34.61,-114.3
1403,1443,318 Ninth Lane,21.44,-158.18
1404,801,2303 12th Lane,32.73,-101.95
1405,655,211 Lexington Drive,41.44,-82.18
1406,669,2182 Martin Luther King Street,44.69,-73.45
1407,1726,3667 Washington Avenue,27.75,-82.64
1408,444,549 Ocean Boulevard,40.84,-73.87
1409,418,7333 George Street,33.56,-112.57
1410,242,6389 El Camino Drive,42.19,-73.35
1411,168,2920 11th Boulevard,30.27,-87.7
1412,960,506 Washington Lane,33.83,-117.85
1413,1911,3856 Valley Boulevard,37.08,-94.5
1414,259,391 South Street,28.78,-81.27
1415,300,69 Martin Luther King Street,41.36,-73.2
1416,1967,3570 North Boulevard,33.64,-117.67
1417,434,7808 Lincoln Drive,42.02,-93.62
1418,1076,3987 11th Drive,35.05,-78.87
1419,723,3179 Seventh Drive,29.76,-95.38
1420,1398,304 Third Boulevard,40.85,-74.4
1421,1464,99 Valley Stream Street,42.8,-73.92
1422,1505,556 Fourth Street,38.04,-97.34
1423,1130,801 Mountain View Street,47.3,-122.31
1424,62,9911 Rose Street,41.13,-124.04
1425,1623,8121 North Boulevard,39.11,-84.46
1426,1416,8258 Jefferson Drive,43.03,-76.3
1427,1998,10 Third Avenue,37.56,-122.37
1428,1299,2578 Park Boulevard,39.29,-85.76
1429,303,93 Lafayette Boulevard,40.48,-104.9
1430,1138,5334 11th Avenue,33.68,-86.39
1431,1750,892 Elm Street,41.8,-87.87
1432,1117,2350 Bayview Street,41.36,-97.97
1433,1322,775 Essex Lane,39.67,-75.75
1434,878,13 Lake Drive,40.03,-76.49
1435,609,795 Tenth Street,32.91,-96.62
1436,761,94 Lafayette Avenue,21.45,-158.01
1437,1313,9853 Sussex Street,40.61,-79.83
1438,1558,675 Little Creek Drive,40.64,-73.94
1439,399,365 Ocean Lane,42.35,-71.85
1440,325,7044 Plum Street,35.22,-92.38
1441,689,440 Maple Drive,40.76,-74.23
1442,1763,6593 North Avenue,44.96,-93.26
1443,717,361 Fourth Street,28.04,-81.96
1444,884,3095 Eighth Drive,42.97,-85.77
1445,1701,942 Lincoln Lane,33.94,-118.24
1446,117,58 Bayview Street,36.24,-90.04
1447,126,5159 Wessex Avenue,34.72,-92.35
1448,1051,13 Norfolk Avenue,41.7,-71.42
1449,462,219 Ocean Avenue,40.62,-75.36
1450,1454,7051 West Drive,33.79,-117.99
1451,467,969 Lexington Lane,35.06,-85.25
1452,1802,719 Third Lane,40.34,-74.44
1453,1563,924 Spruce Street,33.96,-118.27
1454,1235,283 Rose Lane,33.6,-117.66
1455,587,5310 Hillside Avenue,40.64,-73.94
1456,709,3114 East Street,42.92,-88.84
1457,1036,5966 Hill Boulevard,40.1,-74.93
1458,372,4725 North Street,41.66,-83.58
1459,929,899 Grant Lane,40.15,-75.22
1460,253,4110 Lafayette Boulevard,38.35,-81.63
1461,1549,731 Martin Luther King Boulevard,29.76,-95.38
1462,529,9604 West Boulevard,42.89,-70.87
1463,1306,136 Tenth Boulevard,33.82,-117.91
1464,1798,760 Tenth Avenue,40.69,-89.43
1465,389,9517 Ninth Street,44.53,-73.15
1466,1829,4920 Valley Stream Drive,33.34,-84.1
1467,1392,5653 North Drive,33.62,-112.05
1468,1949,993 Ninth Street,32.46,-86.44
1469,1881,159 Mill Street,42.05,-83.38
1470,1706,165 Plum Avenue,34.83,-89.17
1471,848,166 River Drive,38.86,-76.6
1472,1044,978 Wessex Avenue,36.44,-82.34
1473,1112,5411 Madison Avenue,31.09,-97.71
1474,802,3369 Wessex Avenue,38.74,-121.25
1475,859,865 Wessex Lane,36.15,-85.5
1476,441,608 Washington Drive,33.65,-84.86
1477,879,938 Forest Street,25.92,-97.48
1478,1437,456 Birch Lane,47.43,-122.92
1479,1413,796 Sussex Avenue,39.03,-87.05
1480,1710,928 Bayview Street,43.54,-89.46
1481,1037,889 Forest Lane,29.67,-82.33
1482,966,445 Fourth Lane,26.35,-98.11
1483,107,1504 Lincoln Drive,34.29,-94.33
1484,1247,6466 Ninth Drive,35.54,-118.91
1485,700,649 Second Avenue,40.71,-73.99
1486,1363,62715 Sixth Avenue,42.72,-78.83
1487,10,835 George Drive,25.77,-80.2
1488,1725,791 11th Boulevard,37.55,-77.46
1489,1145,7512 South Boulevard,44.26,-88.39
1490,864,7532 Park Boulevard,43.43,-116.32
1491,1357,402 Birch Boulevard,47.2,-122.4
1492,1344,186 Forest Avenue,42.58,-83.03
1493,1252,473 El Camino Street,33.86,-118.33
1494,935,197 George Drive,31.5,-82.85
1495,1748,6624 Valley Street,31.21,-81.37
1496,1123,6882 Forest Drive,34.8,-79.54
1497,546,599 East Lane,41.68,-71.66
1498,430,903 Hill Boulevard,41.42,-87.35
1499,61,4121 Mountain View Boulevard,41.05,-73.74
1500,1621,900 Catherine Street,32.96,-117.12
1501,413,1848 Mountain View Avenue,33.86,-84.68
1502,269,537 Fourth Lane,39.65,-82.74
1503,37,533 Sussex Drive,43.31,-76.57
1504,1793,5608 Hillside Avenue,34.77,-89.44
1505,1846,635 Sussex Drive,36.74,-91.86
1506,116,168 Sussex Boulevard,42.95,-77.59
1507,752,5814 Lincoln Lane,40.82,-72.98
1508,1185,5493 Catherine Drive,33.95,-84.54
1509,683,201 Grant Drive,40.79,-77.85
1510,903,2484 Essex Avenue,41.38,-72.85
1511,559,593 Valley Stream Drive,35.97,-97.02
1512,1338,12 12th Avenue,42.58,-87.85
1513,75,6328 Forest Street,29.76,-95.38
1514,861,919 First Street,41.99,-89.2
1515,100,3982 Ocean View Street,35.98,-79.99
1516,1140,591 South Avenue,38.96,-95.25
1517,531,6294 Essex Drive,37.18,-113.6
1518,279,940 Plum Boulevard,27.95,-82.48
1519,362,6680 River Avenue,36.07,-115.21
1520,1458,6106 Norfolk Boulevard,30.06,-89.93
1521,976,198 Lincoln Street,41.09,-73.42
1522,71,164 Ocean View Street,43.44,-93.21
1523,375,4492 Grant Drive,35.7,-81.21
1524,403,699 Third Avenue,32.15,-94.79
1525,983,8407 Forest Drive,43.45,-76.5
1526,435,5023 11th Avenue,37.06,-113.57
1527,542,4092 El Camino Lane,35.46,-97.51
1528,1090,102 Burns Boulevard,40.68,-75.22
1529,60,467 Birch Avenue,43.23,-77.06
1530,287,152 El Camino Boulevard,29.31,-95.01
1531,1857,4063 Burns Boulevard,40.77,-74.39
1532,1291,582 Essex Street,38.21,-91.16
1533,408,690 Hill Lane,45.4,-91.84
1534,173,440 North Street,32.45,-99.73
1535,1787,417 Hill Lane,38.04,-84.45
1536,1800,506 Washington Lane,37.48,-86.29
1537,438,12960 El Camino Lane,40.72,-74.17
1538,1988,763 Essex Avenue,25.77,-80.2
1539,1143,72 Lexington Avenue,40.55,-74.28
1540,1250,872 Lake Avenue,40.01,-78.36
1541,1767,3208 El Camino Street,39.7,-86.38
1542,1072,940 First Drive,38.71,-92.08
1543,1841,672 Grant Lane,29.98,-81.67
1544,1202,881 Ocean View Street,41.83,-87.68
1545,235,7012 11th Lane,40.71,-73.99
1546,1766,6076 Bayview Boulevard,43.06,-87.96
1547,1702,75011 Lafayette Drive,33.99,-117.53
1548,1142,544 Main Drive,42.15,-71.13
1549,1653,603 Rose Avenue,41.85,-72.65
1550,1982,5737 Washington Boulevard,40.13,-75.06
1551,1423,989 Hill Avenue,28.8,-81.88
1552,48,5233 Valley Stream Street,35.11,-106.62
1553,1582,515 Tenth Lane,36.46,-121.82
1554,656,98 Ninth Street,35.06,-85.09
1555,500,4497 Summit Boulevard,36.5,-80.61
1556,1862,7111 Lexington Avenue,41.57,-93.61
1557,1850,293 South Street,31.94,-94.85
1558,1808,1415 Sixth Street,32.02,-102.1
1559,277,2292 South Street,33.77,-89.81
1560,1716,1692 Hillside Avenue,32.21,-98.67
1561,516,34 Summit Drive,32.61,-117.03
1562,620,930 Mill Drive,37.8,-89.03
1563,159,274 Summit Street,32.79,-96.76
1564,478,9939 Mill Lane,34.05,-84.07
1565,772,24684 Ocean View Boulevard,45.47,-122.37
1566,1537,4395 Bayview Lane,47.69,-117.19
1567,1429,4823 Lincoln Drive,39.76,-104.87
1568,1228,456 Sixth Boulevard,30.26,-97.74
1569,991,3740 Ocean Lane,41.37,-82.1
1570,1249,24 Lafayette Street,30.84,-83.27
1571,1242,549 Tenth Avenue,41.83,-87.68
1572,1759,983 George Boulevard,33.27,-117.28
1573,1058,5363 Tenth Lane,36.18,-87.34
1574,1730,445 West Boulevard,40.71,-74.06
1575,1632,885 Bayview Lane,46.87,-96.81
1576,1224,763 Lexington Avenue,38.99,-76.93
1577,1940,464 Lake Drive,40.74,-73.85
1578,1132,2668 Lafayette Avenue,28.4,-80.6
1579,895,9503 South Street,34.23,-116.86
1580,1556,594 Mountain View Street,46.8,-100.76
1581,1025,122 11th Drive,34.05,-79.75
1582,1972,3802 Maple Street,41.47,-81.67
1583,86,7675 Main Boulevard,33.0,-81.3
1584,344,7193 George Boulevard,34.22,-118.59
1585,1189,412 Spruce Boulevard,42.66,-73.79
1586,921,960 Mill Lane,42.98,-77.67
1587,393,3536 Burns Street,33.44,-94.07
1588,1254,576 Jefferson Boulevard,40.12,-88.64
1589,212,142 First Drive,32.79,-96.76
1590,1262,5814 Ocean Street,41.01,-121.47
1591,122,6303 South Boulevard,29.69,-91.3
1592,1118,166 Littlewood Lane,34.06,-118.35
1593,974,948 Federal Drive,34.73,-82.25
1594,1274,824 West Drive,41.95,-71.7
1595,1453,4830 Ocean Drive,33.73,-87.28
1596,337,2539 Hill Street,41.69,-71.51
1597,1023,990 Burns Boulevard,35.25,-81.17
1598,1903,9794 Essex Lane,47.68,-122.38
1599,604,53 Madison Street,39.84,-75.71
1600,1637,8445 11th Lane,34.99,-80.86
1601,1470,636 Main Avenue,30.79,-98.43
1602,1856,1209 George Drive,34.93,-78.72
1603,907,2426 Littlewood Avenue,44.94,-93.1
1604,1923,9387 Lincoln Boulevard,37.02,-93.47
1605,674,13 Sixth Boulevard,32.73,-117.08
1606,1665,3804 Ninth Street,33.94,-84.2
1607,548,81 Wessex Drive,38.02,-121.3
1608,209,2111 Burns Street,31.65,-106.15
1609,730,932 Bayview Avenue,38.9,-94.68
1610,670,7469 El Camino Street,42.31,-83.21
1611,627,6669 Burns Street,41.83,-73.12
1612,924,6126 Ocean View Boulevard,40.06,-85.84
1613,894,1071 Lafayette Street,43.3,-71.33
1614,1633,4172 Federal Drive,33.38,-111.87
1615,1593,652 Maple Street,39.77,-84.19
1616,720,980 Federal Drive,42.38,-83.1
1617,264,468 Park Lane,40.23,-77.02
1618,827,9189 Valley Street,43.1,-75.23
1619,414,471 Eighth Lane,40.79,-74.47
1620,1439,5663 Martin Luther King Boulevard,36.19,-82.95
1621,843,4238 Lexington Lane,41.84,-87.75
1622,1008,38688 First Avenue,41.83,-87.68
1623,1834,767 Park Drive,33.57,-101.87
1624,1126,3578 Pine Lane,35.4,-80.59
1625,881,4155 Spruce Avenue,39.85,-75.18
1626,679,1690 Main Avenue,41.27,-80.13
1627,1333,38 Valley Stream Street,27.75,-82.64
1628,398,6999 Lexington Lane,38.51,-121.49
1629,151,303 Lexington Drive,26.23,-80.13
1630,106,146 Plum Avenue,39.77,-86.14
1631,1784,6310 El Camino Drive,38.96,-90.18
1632,1924,605 Hillside Boulevard,29.97,-92.12
1633,671,363 Main Lane,35.93,-89.92
1634,1472,33 Bayview Avenue,35.05,-78.87
1635,855,1047 Seventh Street,32.32,-90.2
1636,981,4169 Fourth Lane,34.23,-119.07
1637,1030,168 Mill Drive,45.63,-122.52
1638,384,76089 Grant Boulevard,42.58,-83.03
1639,80,362 Martin Luther King Street,41.01,-84.47
1640,1331,6661 Mill Lane,47.11,-122.76
1641,205,839 Essex Lane,47.65,-111.38
1642,1048,265 Ocean Drive,29.79,-95.82
1643,1801,3371 Madison Boulevard,33.29,-117.3
1644,1490,145 Spruce Street,39.86,-104.86
1645,818,2571 Plum Avenue,27.98,-80.66
1646,1463,221 Catherine Boulevard,42.15,-74.53
1647,1835,355 Burns Boulevard,40.86,-76.78
1648,952,7135 Ninth Lane,42.31,-71.16
1649,616,4173 Wessex Avenue,32.19,-88.05
1650,638,674 Elm Boulevard,41.54,-96.13
1651,1366,212 Lincoln Lane,30.33,-81.65
1652,443,913 Mill Boulevard,43.15,-72.36
1653,336,2545 Federal Drive,40.71,-74.06
1654,611,16 Jefferson Drive,42.26,-88.0
1655,973,1587 Rose Lane,34.51,-89.94
1656,632,12694 Fourth Boulevard,40.12,-102.72
1657,1918,955 Seventh Avenue,32.59,-85.48
1658,1827,6320 East Avenue,33.25,-116.98
1659,70,8997 Summit Avenue,40.26,-76.71
1660,672,95873 Madison Boulevard,35.81,-83.25
1661,1461,691 Valley Drive,41.24,-81.82
1662,510,311 Little Creek Boulevard,37.72,-122.44
1663,256,863 Park Drive,35.82,-78.31
1664,1410,7902 Norfolk Drive,39.3,-76.44
1665,574,7296 Second Lane,38.38,-84.29
1666,1837,56 Tenth Boulevard,33.97,-118.24
1667,1974,826 12th Drive,39.99,-111.81
1668,30,2478 El Camino Avenue,31.96,-94.05
1669,1270,8862 Ninth Avenue,40.21,-75.27
1670,1815,8060 Pine Boulevard,41.82,-71.41
1671,805,5709 Little Creek Lane,42.38,-83.1
1672,464,2352 Bayview Boulevard,28.5,-81.37
1673,1042,6179 Eighth Boulevard,43.73,-70.55
1674,1579,7673 Plum Drive,27.95,-82.48
1675,830,412 First Boulevard,29.99,-95.26
1676,465,38318 West Drive,34.42,-84.11
1677,1954,965 Wessex Street,33.94,-117.95
1678,959,5223 Lafayette Drive,40.22,-74.93
1679,1049,289 Ocean View Avenue,25.77,-80.2
1680,1925,225 Seventh Avenue,45.11,-93.39
1681,1088,8893 Littlewood Lane,32.78,-79.99
1682,14,2487 Martin Luther King Drive,21.39,-158.01
1683,162,9550 Jefferson Street,42.56,-83.38
1684,1692,97339 Lake Avenue,41.03,-73.86
1685,380,3551 Spruce Boulevard,41.57,-93.61
1686,141,744 Lafayette Street,31.02,-96.48
1687,1348,873 Summit Street,40.64,-73.94
1688,1256,1723 North Lane,41.2,-73.13
1689,1690,356 Plum Boulevard,32.93,-94.7
1690,169,2 11th Avenue,33.94,-80.39
1691,1955,7016 Hillside Lane,35.54,-82.84
1692,1807,14780 Plum Lane,40.84,-73.87
1693,102,2785 Elm Drive,33.76,-117.97
1694,257,858 Martin Luther King Drive,34.2,-118.39
1695,911,69524 Valley Lane,37.33,-88.07
1696,987,6785 Essex Lane,39.14,-77.21
1697,101,91 Essex Lane,32.88,-105.95
1698,1141,35 Essex Drive,36.48,-80.61
1699,1682,241 Hillside Lane,47.91,-97.07
1700,481,628 Norfolk Avenue,42.41,-71.16
1701,978,288 North Avenue,30.06,-89.93
1702,1550,6445 Ninth Lane,47.85,-122.28
1703,1162,8974 West Lane,35.46,-97.51
1704,172,9020 North Street,39.85,-88.93
1705,892,4260 Essex Lane,40.43,-75.34
1706,315,112 Burns Lane,40.78,-81.52
1707,1739,344 Birch Street,42.01,-95.34
1708,836,822 Ocean View Lane,34.09,-117.96
1709,39,984 Eighth Avenue,41.29,-72.36
1710,155,235 Fourth Street,31.31,-89.3
1711,1305,2794 Seventh Drive,35.33,-89.88
1712,1504,5993 12th Lane,33.57,-101.87
1713,1105,766 Mountain View Drive,26.21,-98.31
1714,1761,533 Fourth Street,38.65,-121.25
1715,215,6638 Summit Lane,35.57,-82.54
1716,948,1540 El Camino Avenue,26.74,-80.12
1717,862,8482 Elm Lane,32.42,-96.67
1718,1514,6733 Third Boulevard,41.37,-82.1
1719,1698,2783 Washington Avenue,40.87,-73.32
1720,1316,711 Norfolk Drive,40.6,-80.65
1721,1831,4386 El Camino Boulevard,30.33,-81.65
1722,889,900 Norfolk Avenue,39.61,-86.11
1723,526,54870 Lexington Drive,25.77,-80.2
1724,231,1442 Mill Avenue,35.05,-78.87
1725,910,35 Rose Boulevard,37.38,-121.9
1726,876,3216 Ninth Drive,37.68,-97.34
1727,1509,1429 Summit Drive,39.38,-76.55
1728,1422,330 Martin Luther King Lane,35.51,-78.73
1729,1400,4673 Washington Avenue,32.41,-87.03
1730,492,2397 Madison Avenue,34.95,-82.12
1731,1516,909 Eighth Street,37.44,-121.87
1732,1649,8146 Third Avenue,29.79,-95.82
1733,1573,793 Norfolk Avenue,29.18,-82.13
1734,583,28 West Lane,41.76,-88.29
1735,1811,308 Second Boulevard,37.34,-122.11
1736,1054,9190 Sussex Lane,45.47,-122.37
1737,1678,296 Pine Boulevard,41.7,-72.67
1738,333,6877 Jefferson Drive,39.45,-74.72
1739,1412,91 Jefferson Drive,36.97,-86.44
1740,177,294 Bayview Lane,35.1,-90.0
1741,390,4328 Forest Boulevard,26.14,-80.13
1742,1577,153 Wessex Drive,27.33,-82.54
1743,1609,9854 Park Lane,38.78,-77.27
1744,1762,5537 Forest Lane,38.55,-121.49
1745,917,735 Forest Avenue,34.07,-118.14
1746,1717,728 Sixth Avenue,43.06,-78.27
1747,1355,41 Grant Drive,32.35,-86.28
1748,1668,619 North Avenue,42.91,-71.12
1749,1293,219 Federal Street,29.45,-95.06
1750,1597,3404 Main Lane,40.71,-80.1
1751,202,75 Third Avenue,39.33,-84.4
1752,493,33 Lafayette Lane,32.76,-96.59
1753,361,125 Plum Drive,33.91,-118.34
1754,1659,4570 Valley Stream Lane,42.26,-88.13
1755,289,109 El Camino Avenue,29.76,-95.38
1756,737,8301 Tenth Drive,42.33,-122.79
1757,1733,6613 Hill Drive,36.73,-84.16
1758,278,910 Eighth Drive,29.76,-95.38
1759,618,3525 Second Lane,33.92,-118.2
1760,753,919 Oak Boulevard,33.24,-87.59
1761,489,430 Grant Boulevard,40.87,-97.59
1762,90,9 Mill Drive,28.37,-80.75
1763,1264,635 East Drive,36.8,-97.29
1764,18,9207 Madison Boulevard,39.17,-77.26
1765,376,818 12th Lane,39.8,-74.62
1766,579,774 Park Lane,44.02,-88.16
1767,218,5238 Park Street,40.76,-74.03
1768,1320,5225 Bayview Street,34.02,-118.28
1769,42,3863 Pine Street,30.84,-83.27
1770,1170,5191 Grant Drive,35.4,-80.43
1771,1531,801 River Street,34.47,-85.34
1772,1275,1496 Rose Street,34.04,-118.29
1773,26,9639 Third Boulevard,40.68,-80.27
1774,1937,230 Plum Avenue,38.78,-90.7
1775,1177,1644 Park Avenue,39.67,-75.75
1776,1032,171 Catherine Lane,36.81,-119.71
1777,397,2328 Little Creek Avenue,39.95,-75.16
1778,566,8179 Valley Stream Drive,42.79,-83.62
1779,1581,9324 Catherine Street,38.42,-90.36
1780,1332,547 West Drive,41.0,-73.66
1781,1648,211 Valley Street,40.76,-74.59
1782,17,2012 Forest Avenue,35.73,-81.32
1783,349,1943 Birch Street,40.84,-81.63
1784,1200,106 Littlewood Drive,29.76,-95.38
1785,228,2206 South Drive,28.55,-82.39
1786,484,4819 Martin Luther King Drive,42.7,-71.11
1787,1099,4932 South Boulevard,46.86,-96.75
1788,1480,5642 Bayview Avenue,35.11,-106.62
1789,1449,5807 Lincoln Street,32.61,-83.63
1790,1417,336 Catherine Lane,42.63,-83.61
1791,267,7360 Lexington Drive,37.96,-83.82
1792,373,3270 Grant Avenue,40.59,-84.95
1793,1772,9070 West Street,34.09,-117.58
1794,1418,309 River Avenue,44.13,-89.52
1795,1774,653 Mill Street,44.96,-93.26
1796,964,33 North Avenue,40.84,-73.99
1797,72,550 Forest Street,46.51,-112.12
1798,6,534 Second Lane,32.88,-117.13
1799,1527,1426 Fifth Avenue,43.32,-71.18
1800,1433,2834 West Street,30.68,-88.04
1801,1785,344 11th Street,25.92,-97.48
1802,1476,685 Jefferson Avenue,40.71,-74.06
1803,455,8676 River Avenue,40.66,-73.73
1804,1553,5 Lafayette Avenue,41.24,-81.45
1805,532,2282 Main Drive,38.53,-90.0
1806,1092,703 12th Street,41.01,-75.99
1807,1819,621 Fifth Boulevard,30.58,-91.15
1808,528,5661 Forest Avenue,42.78,-96.16
1809,328,4391 Lexington Lane,35.19,-80.83
1810,1282,404 Main Lane,45.76,-108.57
1811,783,641 Martin Luther King Avenue,35.31,-106.55
1812,1325,459 East Avenue,37.44,-122.2
1813,687,1693 Spruce Street,42.24,-84.4
1814,1693,478 East Drive,33.61,-111.89
1815,1542,515 South Street,41.47,-81.67
1816,36,8486 Catherine Street,37.23,-80.42
1817,360,881 Plum Street,39.22,-74.8
1818,555,6692 Lake Street,38.03,-85.34
1819,136,724 Essex Drive,38.22,-85.74
1820,603,66 Norfolk Avenue,35.48,-97.26
1821,1794,469 Catherine Avenue,29.45,-98.5
1822,329,6339 Lafayette Avenue,34.39,-119.51
1823,1181,747 Rose Drive,35.4,-80.59
1824,598,305 Elm Street,44.22,-71.74
1825,990,365 Mountain View Boulevard,30.09,-90.99
1826,1777,166 12th Street,38.83,-77.21
1827,998,62 East Boulevard,34.08,-117.46
1828,1872,8915 Sixth Avenue,33.95,-84.54
1829,1743,76 Federal Avenue,39.19,-96.59
1830,1000,6030 Third Lane,41.93,-71.29
1831,1708,90072 George Drive,37.48,-97.24
1832,799,90 El Camino Avenue,42.88,-78.85
1833,144,5380 12th Boulevard,34.5,-93.05
1834,781,7154 Lafayette Drive,32.33,-106.75
1835,1572,903 Norfolk Boulevard,30.68,-88.04
1836,793,658 Plum Avenue,26.14,-80.13
1837,1681,21 Birch Drive,38.63,-90.24
1838,1179,312 Burns Boulevard,36.67,-76.3
1839,114,112 Elm Avenue,34.18,-118.39
1840,271,352 Hill Lane,45.65,-122.66
1841,1107,836 Summit Boulevard,42.23,-76.34
1842,517,87 Ocean Avenue,42.31,-83.21
1843,624,515 Spruce Boulevard,42.89,-85.72
1844,1215,9458 Park Boulevard,32.84,-116.88
1845,1992,457 Summit Lane,36.61,-89.81
1846,968,89 Oak Lane,42.88,-78.85
1847,19,6577 Catherine Lane,34.41,-119.7
1848,1605,9995 Pine Avenue,39.5,-84.37
1849,463,412 Fifth Boulevard,40.71,-73.99
1850,1365,6039 Valley Stream Street,38.23,-122.56
1851,809,2855 Sixth Avenue,41.76,-88.15
1852,590,300 West Avenue,34.17,-86.83
1853,1904,5844 Littlewood Street,35.95,-95.38
1854,545,22 First Boulevard,40.67,-89.54
1855,789,429 Grant Boulevard,39.59,-75.17
1856,742,829 Mill Boulevard,38.74,-77.48
1857,612,336 North Street,39.09,-84.51
1858,536,894 Catherine Boulevard,42.93,-74.62
1859,523,444 Forest Boulevard,42.77,-86.1
1860,928,26 Martin Luther King Drive,29.76,-95.38
1861,1642,48190 Plum Drive,39.96,-74.06
1862,495,6427 Martin Luther King Drive,43.04,-76.14
1863,166,9915 Burns Lane,39.15,-75.51
1864,1277,97542 Hillside Lane,43.1,-76.21
1865,718,7944 Hill Lane,41.64,-85.41
1866,1962,2066 Ninth Lane,41.8,-87.92
1867,133,5295 Pine Street,33.95,-84.54
1868,682,2130 Valley Stream Lane,40.69,-111.99
1869,795,73 Oak Street,32.79,-96.76
1870,1849,364 12th Drive,47.13,-122.4
1871,1732,4704 Essex Boulevard,37.77,-122.21
1872,167,189 Washington Street,35.88,-80.01
1873,1496,9895 El Camino Boulevard,41.75,-70.61
1874,853,225 Lake Boulevard,42.46,-83.37
1875,237,331 Oak Lane,37.96,-121.76
1876,769,1132 Hill Street,36.2,-81.66
1877,2,6035 Forest Avenue,40.84,-73.87
1878,313,9384 Ocean Avenue,36.73,-95.94
1879,1624,613 First Boulevard,40.07,-80.89
1880,958,141 Sixth Boulevard,32.38,-83.35
1881,989,6283 Rose Avenue,38.87,-77.4
1882,1562,8 Hillside Lane,36.26,-94.69
1883,1983,655 George Boulevard,33.55,-117.78
1884,1091,52292 East Street,39.3,-76.61
1885,759,575 Bayview Lane,35.92,-86.84
1886,779,44 Valley Boulevard,33.77,-96.67
1887,105,420 Oak Drive,41.47,-75.57
1888,1618,3512 Forest Street,40.91,-73.82
1889,1168,207 Ocean View Street,40.67,-74.42
1890,1237,3276 Maple Street,42.37,-87.86
1891,699,9141 Ocean View Lane,41.48,-91.57
1892,646,354 Federal Street,41.47,-81.67
1893,499,8373 Birch Boulevard,40.71,-73.99
1894,1403,316 Grant Drive,37.94,-77.65
1895,631,273 Elm Drive,35.46,-97.51
1896,1070,841 Wessex Boulevard,42.03,-91.58
1897,291,682 Federal Lane,34.76,-84.97
1898,738,15664 Lafayette Street,40.02,-105.25
1899,142,723 Fourth Drive,41.9,-72.08
1900,1375,532 Lake Drive,38.64,-76.9
1901,459,9079 Second Drive,33.36,-81.28
1902,281,4779 Lafayette Avenue,41.15,-81.24
1903,498,53 Elm Street,20.88,-156.5
1904,55,3374 Littlewood Street,37.92,-122.34
1905,1370,99 Fifth Street,38.44,-121.3
1906,897,847 Martin Luther King Lane,31.07,-83.19
1907,262,878 Summit Avenue,28.82,-96.98
1908,1781,73 South Lane,42.93,-75.46
1909,457,378 West Boulevard,35.19,-80.83
1910,160,1915 Catherine Boulevard,38.91,-75.43
1911,1655,2547 El Camino Street,42.24,-83.18
1912,984,642 Ocean View Lane,28.3,-81.41
1913,1329,6768 Federal Avenue,34.08,-117.46
1914,1535,8 Pine Street,38.87,-82.99
1915,1220,655 Mountain View Lane,41.7,-111.87
1916,833,1425 Fifth Street,40.85,-74.1
1917,295,914 Spruce Drive,40.79,-90.16
1918,1434,8278 Grant Lane,26.45,-80.08
1919,208,6976 Ocean View Avenue,47.79,-122.2
1920,1909,603 Lake Avenue,34.02,-118.28
1921,1356,9 Lafayette Lane,44.99,-91.72
1922,265,68 Rose Boulevard,27.8,-97.39
1923,1947,770 Maple Street,31.62,-82.88
1924,1089,2725 Jefferson Drive,38.22,-85.74
1925,1790,727 Valley Stream Boulevard,41.24,-73.31
1926,1999,1749 Spruce Street,31.06,-98.18
1927,614,129 Sussex Street,35.4,-80.59
1928,814,9380 Hill Drive,27.98,-80.66
1929,175,8740 Lafayette Drive,40.68,-73.37
1930,305,9070 Third Boulevard,44.37,-73.4
1931,1225,6831 Valley Boulevard,37.97,-122.5
1932,1405,70 Tenth Boulevard,47.91,-97.07
1933,1478,3863 River Avenue,38.93,-121.25
1934,1920,3315 Lake Lane,46.04,-95.29
1935,241,6077 Sixth Avenue,34.93,-79.76
1936,331,30 Catherine Street,33.44,-79.56
1937,8,41 East Boulevard,27.95,-82.48
1938,1354,7401 Seventh Street,35.46,-86.08
1939,1258,265 Little Creek Street,33.99,-117.53
1940,919,1635 Sussex Lane,38.81,-76.75
1941,1447,338 George Avenue,47.49,-122.1
1942,902,5157 Seventh Drive,33.15,-117.17
1943,1318,521 Mountain View Lane,35.55,-117.67
1944,1545,1433 Rose Boulevard,33.73,-117.05
1945,1001,6223 Maple Lane,36.56,-82.19
1946,1315,759 Madison Drive,38.61,-88.78
1947,323,782 Hill Lane,36.6,-119.75
1948,625,4135 Valley Stream Lane,36.33,-82.36
1949,979,621 Rose Avenue,34.06,-117.79
1950,537,35 Fifth Street,38.01,-121.38
1951,1096,1089 Norfolk Avenue,43.04,-76.14
1952,1347,893 Littlewood Lane,35.73,-77.92
1953,1395,2687 Burns Avenue,40.98,-74.11
1954,1614,7072 Mountain View Avenue,35.48,-96.89
1955,1212,3904 Martin Luther King Drive,34.98,-80.54
1956,1588,74 Sixth Avenue,41.26,-96.01
1957,121,71858 Mountain View Street,44.21,-88.43
1958,1773,675 Norfolk Drive,29.76,-95.38
1959,1859,530 Federal Drive,41.44,-74.42
1960,1339,9181 Elm Avenue,38.01,-121.38
1961,1894,6595 Summit Boulevard,41.51,-93.48
1962,77,596 Ninth Street,40.24,-76.92
1963,1222,1957 Park Lane,42.39,-113.78
1964,363,7508 Grant Street,27.9,-82.78
1965,634,5063 Seventh Avenue,41.38,-81.64
1966,628,4 George Lane,40.0,-75.26
1967,756,8651 North Boulevard,39.64,-84.08
1968,971,711 Tenth Street,33.37,-84.78
1969,111,3124 Madison Drive,33.79,-82.47
1970,312,4949 South Avenue,39.69,-76.06
1971,1627,323 Mountain View Lane,30.65,-93.89
1972,1359,316 Lexington Boulevard,36.67,-76.3
1973,174,4822 Jefferson Avenue,38.35,-81.63
1974,420,1651 Oak Drive,33.82,-117.91
1975,488,927 River Street,27.92,-97.29
1976,7,124 Madison Lane,39.3,-76.61
1977,863,256 Ocean Drive,35.4,-93.11
1978,1854,4405 Wessex Drive,35.06,-85.25
1979,1041,6144 Summit Street,34.87,-85.5
1980,1616,469 First Lane,33.0,-97.23
1981,1805,679 Bayview Lane,45.99,-84.36
1982,1284,8990 Plum Street,41.76,-70.08
1983,1735,9291 Jefferson Drive,27.64,-80.39
1984,1528,324 Lafayette Drive,32.61,-93.28
1985,1278,1804 Madison Lane,39.98,-82.98
1986,591,320 Second Street,34.97,-89.99
1987,97,93 Mill Drive,35.97,-83.94
1988,31,413 East Boulevard,41.62,-87.72
1989,1380,566 Lexington Drive,33.62,-112.13
1990,1240,899 Maple Street,40.26,-81.84
1991,932,295 West Avenue,32.36,-92.97
1992,378,512 Second Avenue,46.21,-119.16
1993,647,27 Birch Avenue,36.52,-119.39
1994,391,31 Hill Boulevard,33.69,-78.89
1995,588,2183 Catherine Boulevard,38.47,-90.75
1996,986,6577 Lexington Lane,40.65,-73.58
1997,1944,2 Elm Drive,38.95,-84.54
1998,185,276 Fifth Boulevard,40.66,-74.19
1999,1007,259 Valley Boulevard,40.24,-76.92
2000,1110,472 Ocean View Street,42.86,-71.48
